date,ID,Day,T.T_TIME,T.TOTAL_DISTANCE,T.HIGH_INTENSITY_DISTANCE,T.SPRINT_DISTANCE,T.PLAYER_LOAD,T.HEART_RATE_EXERTION,T.ACC_DEC_LOAD,T.PEAK_SPEED,T.HRE_PL_LOAD,T.VOLUME_STATUS,T.INTENSITY_STATUS,T.VOLUME_RATIO,T.INTENSITY_RATIO,T.MONOTONY_VOLUME,T.MONOTONY_INTENSITY,G.HI_IP_m,G.HI_IP_m.pc,G.HI_IP_m.min,G.HI_OP_m,G.HI_OP_m.pc,G.HI_OP_m.min,G.HID_m,G.HID_m.min,G.IP_mins,G.MINS,G.OP_mins,G.SPR_m,G.SPR_m.min,G.TD_m,G.TD_m.min,G.TD_IP_m,G.TD_IP_m.pc,G.TD_IP_m.min,G.TD_OP_m,G.TD_OP_m.pc,G.TD_OP_m.min,matchPeriods,GameYN,NDs,sleep,muscleSoreness,pExertion,wellbeing
20140630,7,1,,,,,,,,,,,,,,,,526,11,18.1,273,5.3,8.5,808.7,8.4,29,96,32,327.8,3.4,11386.2,118.6,4145.5,86.4,142.9,4741.3,91.2,148.2,0,0,0,6.73,9,2,10.79923337
20140701,7,2,,,,,,,,,,,,,,,,526,11,18.1,273,5.3,8.5,808.7,8.4,29,96,32,327.8,3.4,11386.2,118.6,4145.5,86.4,142.9,4741.3,91.2,148.2,0,0,1,5.89,2,2,15.20391662
20140702,7,3,,,,,,,,,,,,,,,,526,11,18.1,273,5.3,8.5,808.7,8.4,29,96,32,327.8,3.4,11386.2,118.6,4145.5,86.4,142.9,4741.3,91.2,148.2,0,0,2,7.19,2,1,14.97214388
20140703,7,4,,,,,,,,,,,,,,,,526,11,18.1,273,5.3,8.5,808.7,8.4,29,96,32,327.8,3.4,11386.2,118.6,4145.5,86.4,142.9,4741.3,91.2,148.2,0,0,3,5.95,6,2,13.4291462
20140704,7,5,,,,,,,,,,,,,,,,526,11,18.1,273,5.3,8.5,808.7,8.4,29,96,32,327.8,3.4,11386.2,118.6,4145.5,86.4,142.9,4741.3,91.2,148.2,0,0,4,5.34,8,7,11.63497591
20140705,7,6,,,,,,,,,,,,,,,,526,11,18.1,273,5.3,8.5,808.7,8.4,29,96,32,327.8,3.4,11386.2,118.6,4145.5,86.4,142.9,4741.3,91.2,148.2,0,0,5,5.53,8,9,8.916381002
20140706,7,7,,,,,,,,,,,,,,,,526,11,18.1,273,5.3,8.5,808.7,8.4,29,96,32,327.8,3.4,11386.2,118.6,4145.5,86.4,142.9,4741.3,91.2,148.2,0,0,6,5.61,7,1,12.78474761
20140707,7,8,,,,,,,,,,,,,,,,526,11,18.1,273,5.3,8.5,808.7,8.4,29,96,32,327.8,3.4,11386.2,118.6,4145.5,86.4,142.9,4741.3,91.2,148.2,0,0,7,6.38,9,3,11.20586747
20140708,7,9,,,,,,,,,,,,,,,,526,11,18.1,273,5.3,8.5,808.7,8.4,29,96,32,327.8,3.4,11386.2,118.6,4145.5,86.4,142.9,4741.3,91.2,148.2,0,0,8,5.38,3,5,14.86827565
20140709,7,10,,,,,,,,,,,,,,,,526,11,18.1,273,5.3,8.5,808.7,8.4,29,96,32,327.8,3.4,11386.2,118.6,4145.5,86.4,142.9,4741.3,91.2,148.2,0,0,9,5.03,8,8,14.78120588
20140710,7,11,,,,,,,,,,,,,,,,526,11,18.1,273,5.3,8.5,808.7,8.4,29,96,32,327.8,3.4,11386.2,118.6,4145.5,86.4,142.9,4741.3,91.2,148.2,0,0,10,6.15,4,8,14.45353359
20140711,7,12,,,,,,,,,,,,,,,,526,11,18.1,273,5.3,8.5,808.7,8.4,29,96,32,327.8,3.4,11386.2,118.6,4145.5,86.4,142.9,4741.3,91.2,148.2,0,0,11,5.56,9,3,8.722796422
20140712,7,13,,,,,,,,,,,,,,,,526,11,18.1,273,5.3,8.5,808.7,8.4,29,96,32,327.8,3.4,11386.2,118.6,4145.5,86.4,142.9,4741.3,91.2,148.2,0,0,12,5.4,1,2,13.58593911
20140713,7,14,,,,,,,,,,,,,,,,526,11,18.1,273,5.3,8.5,808.7,8.4,29,96,32,327.8,3.4,11386.2,118.6,4145.5,86.4,142.9,4741.3,91.2,148.2,0,0,13,7.75,1,1,15.17812215
20140714,7,15,,,,,,,,,,,,,,,,526,11,18.1,273,5.3,8.5,808.7,8.4,29,96,32,327.8,3.4,11386.2,118.6,4145.5,86.4,142.9,4741.3,91.2,148.2,0,0,14,4.2,5,3,13.40852881
20140715,7,16,,,,,,,,,,,,,,,,526,11,18.1,273,5.3,8.5,808.7,8.4,29,96,32,327.8,3.4,11386.2,118.6,4145.5,86.4,142.9,4741.3,91.2,148.2,0,0,15,6.47,8,6,13.81572375
20140716,7,17,,,,,,,,,,,,,,,,526,11,18.1,273,5.3,8.5,808.7,8.4,29,96,32,327.8,3.4,11386.2,118.6,4145.5,86.4,142.9,4741.3,91.2,148.2,0,0,16,6.62,6,3,10.28161121
20140717,7,18,,,,,,,,,,,,,,,,526,11,18.1,273,5.3,8.5,808.7,8.4,29,96,32,327.8,3.4,11386.2,118.6,4145.5,86.4,142.9,4741.3,91.2,148.2,0,0,17,5.49,1,2,12.78684128
20140718,7,19,,,,,,,,,,,,,,,,526,11,18.1,273,5.3,8.5,808.7,8.4,29,96,32,327.8,3.4,11386.2,118.6,4145.5,86.4,142.9,4741.3,91.2,148.2,0,0,18,7.44,6,4,13.40643447
20140719,7,20,,,,,,,,,,,,,,,,526,11,18.1,273,5.3,8.5,808.7,8.4,29,96,32,327.8,3.4,11386.2,118.6,4145.5,86.4,142.9,4741.3,91.2,148.2,0,0,19,5.51,2,4,14.42524134
20140720,7,21,,,,,,,,,,,,,,,,526,11,18.1,273,5.3,8.5,808.7,8.4,29,96,32,327.8,3.4,11386.2,118.6,4145.5,86.4,142.9,4741.3,91.2,148.2,0,0,20,5.59,7,9,9.895676685
20140721,7,22,,,,,,,,,,,,,,,,526,11,18.1,273,5.3,8.5,808.7,8.4,29,96,32,327.8,3.4,11386.2,118.6,4145.5,86.4,142.9,4741.3,91.2,148.2,0,0,21,7.82,3,3,13.80145598
20140722,7,23,,,,,,,,,,,,,,,,526,11,18.1,273,5.3,8.5,808.7,8.4,29,96,32,327.8,3.4,11386.2,118.6,4145.5,86.4,142.9,4741.3,91.2,148.2,0,0,22,5.66,1,8,14.77953144
20140723,7,24,,,,,,,,,,,,,,,,526,11,18.1,273,5.3,8.5,808.7,8.4,29,96,32,327.8,3.4,11386.2,118.6,4145.5,86.4,142.9,4741.3,91.2,148.2,0,0,23,6.44,8,2,11.44563958
20140724,7,25,,,,,,,,,,,,,,,,526,11,18.1,273,5.3,8.5,808.7,8.4,29,96,32,327.8,3.4,11386.2,118.6,4145.5,86.4,142.9,4741.3,91.2,148.2,0,0,24,6.21,1,7,14.23749522
20140725,7,26,,,,,,,,,,,,,,,,526,11,18.1,273,5.3,8.5,808.7,8.4,29,96,32,327.8,3.4,11386.2,118.6,4145.5,86.4,142.9,4741.3,91.2,148.2,0,0,25,4.73,4,6,14.39334061
20140726,7,27,,,,,,,,,,,,,,,,526,11,18.1,273,5.3,8.5,808.7,8.4,29,96,32,327.8,3.4,11386.2,118.6,4145.5,86.4,142.9,4741.3,91.2,148.2,0,0,26,5.95,3,6,15.91909367
20140727,7,28,,,,,,,,,,,,,,,,526,11,18.1,273,5.3,8.5,808.7,8.4,29,96,32,327.8,3.4,11386.2,118.6,4145.5,86.4,142.9,4741.3,91.2,148.2,0,0,27,4.69,9,6,10.59772983
20140728,7,29,,,,,,,,,,,,,,,,526,11,18.1,273,5.3,8.5,808.7,8.4,29,96,32,327.8,3.4,11386.2,118.6,4145.5,86.4,142.9,4741.3,91.2,148.2,0,0,28,7.18,2,6,16.16395586
20140729,7,30,87,5288,855,551,573,88,278,28,1.5,7,22,100,1,0.4,0.4,526,11,18.1,273,5.3,8.5,808.7,8.4,29,96,32,327.8,3.4,11386.2,118.6,4145.5,86.4,142.9,4741.3,91.2,148.2,0,0,29,5.94,4,4,12.38059642
20140730,7,31,81,7285,1490,1028,797,82,590,29,1,17,60,100,1,0.6,0.6,526,11,18.1,273,5.3,8.5,808.7,8.4,29,96,32,327.8,3.4,11386.2,118.6,4145.5,86.4,142.9,4741.3,91.2,148.2,0,0,30,5.47,1,1,14.17869306
20140731,7,32,,,,,,,,,,17,60,100,1,0.6,0.6,526,11,18.1,273,5.3,8.5,808.7,8.4,29,96,32,327.8,3.4,11386.2,118.6,4145.5,86.4,142.9,4741.3,91.2,148.2,0,0,31,8.41,4,6,13.78426087
20140801,7,33,71,4798,42,6,541,71,261,24,1.3,24,61,100,1,0.8,0.6,526,11,18.1,273,5.3,8.5,808.7,8.4,29,96,32,327.8,3.4,11386.2,118.6,4145.5,86.4,142.9,4741.3,91.2,148.2,0,0,32,7.29,2,7,12.57462856
20140802,7,34,46,5750,184,92,575,,230,28,,32,66,100,1,1,0.6,526,11,18.1,273,5.3,8.5,808.7,8.4,29,96,32,327.8,3.4,11386.2,118.6,4145.5,86.4,142.9,4741.3,91.2,148.2,0,0,33,5.59,1,8,17.979984
20140803,7,35,46,5750,184,92,575,,230,28,,40,70,82,0.7,1.4,0.7,526,11,18.1,273,5.3,8.5,808.7,8.4,29,96,32,327.8,3.4,11386.2,118.6,4145.5,86.4,142.9,4741.3,91.2,148.2,0,0,34,4.72,2,1,14.51596449
20140804,7,36,,,,,,,,,,40,70,56,0.1,1.4,0.7,526,11,18.1,273,5.3,8.5,808.7,8.4,29,96,32,327.8,3.4,11386.2,118.6,4145.5,86.4,142.9,4741.3,91.2,148.2,0,0,35,6.17,8,5,11.37371656
20140805,7,37,90,10919,325,142,1104,95,416,30,0.9,55,79,68,0.2,1.3,0.6,526,11,18.1,273,5.3,8.5,808.7,8.4,29,96,32,327.8,3.4,11386.2,118.6,4145.5,86.4,142.9,4741.3,91.2,148.2,0,0,36,7.39,3,3,15.16437011
20140806,7,38,,,,,,,,,,55,79,56,0.2,0.9,0.8,526,11,18.1,273,5.3,8.5,808.7,8.4,29,96,32,327.8,3.4,11386.2,118.6,4145.5,86.4,142.9,4741.3,91.2,148.2,0,0,37,4.72,8,3,11.12151951
20140807,7,39,,,,,,,,,,55,79,42,0.2,0.9,0.8,526,11,18.1,273,5.3,8.5,808.7,8.4,29,96,32,327.8,3.4,11386.2,118.6,4145.5,86.4,142.9,4741.3,91.2,148.2,0,0,38,6.52,4,9,12.98073155
20140808,7,40,86,5984,215,25,723,87,528,26,1.2,63,84,37,0.2,1,1,526,11,18.1,273,5.3,8.5,808.7,8.4,29,96,32,327.8,3.4,11386.2,118.6,4145.5,86.4,142.9,4741.3,91.2,148.2,0,0,39,6.29,2,6,14.76976598
20140809,7,41,74,4627,130,62,524,74,,29,1.4,70,87,43,0.2,0.9,1,526,11,18.1,273,5.3,8.5,808.7,8.4,29,96,32,327.8,3.4,11386.2,118.6,4145.5,86.4,142.9,4741.3,91.2,148.2,0,0,40,6.36,4,1,14.08067326
20140810,7,42,90,11080,810,427,,,,31,,85,108,35,0.3,0.9,0.7,526,11,18.1,273,5.3,8.5,808.7,8.4,29,96,32,327.8,3.4,11386.2,118.6,4145.5,86.4,142.9,4741.3,91.2,148.2,0,0,41,6.3,2,2,14.33699658
20140811,7,43,,,,,,,,,,85,108,35,0.3,0.9,0.7,526,11,18.1,273,5.3,8.5,808.7,8.4,29,96,32,327.8,3.4,11386.2,118.6,4145.5,86.4,142.9,4741.3,91.2,148.2,0,0,42,3.93,1,1,14.45497906
20140812,7,44,80,3983,81,6,555,81,122,24,1.5,83,88,43,0.4,0.9,0.6,526,11,18.1,273,5.3,8.5,808.7,8.4,29,96,32,327.8,3.4,11386.2,118.6,4145.5,86.4,142.9,4741.3,91.2,148.2,0,0,43,7.03,7,3,14.07007656
20140813,7,45,96,6568,409,172,751,153,520,28,2,82,61,44,0.6,1.2,0.8,526,11,18.1,273,5.3,8.5,808.7,8.4,29,96,32,327.8,3.4,11386.2,118.6,4145.5,86.4,142.9,4741.3,91.2,148.2,0,0,44,6.94,9,1,8.051466257
20140814,7,46,,,,,,,,,,82,61,36,0.5,1.2,0.8,526,11,18.1,273,5.3,8.5,808.7,8.4,29,96,32,327.8,3.4,11386.2,118.6,4145.5,86.4,142.9,4741.3,91.2,148.2,0,0,45,6.1,1,3,12.38157914
20140815,7,47,81,4773,114,59,518,114,175,29,2.2,82,63,26,0.2,1.2,0.7,526,11,18.1,273,5.3,8.5,808.7,8.4,29,96,32,327.8,3.4,11386.2,118.6,4145.5,86.4,142.9,4741.3,91.2,148.2,0,0,46,5.06,1,6,14.69472433
20140816,7,48,62,3612,103,22,396,83,147,24,2.1,79,61,33,0.3,1.1,0.7,526,11,18.1,273,5.3,8.5,808.7,8.4,29,96,32,327.8,3.4,11386.2,118.6,4145.5,86.4,142.9,4741.3,91.2,148.2,0,0,47,7.21,4,8,13.60098739
20140817,7,49,96,11386,809,328,,,,32,,87,76,42,0.5,1.1,0.7,526,11,18.1,273,5.3,8.5,808.7,8.4,29,96,32,327.8,3.4,11386.2,118.6,4145.5,86.4,142.9,4741.3,91.2,148.2,0,1,48,6.45,6,1,14.62227179
20140818,7,50,,,,,,,,,,87,76,31,0.3,1.1,0.7,343.7,5.8,10.7,274.3,6.7,12.5,618,6.5,32,95,22,305.8,3.2,10829.5,114,4453.4,75.5,139.2,3485.8,85,158.4,1,0,0,5.15,4,9,11.3695106
20140819,7,51,69,4767,58,10,617,105,271,25,1.7,78,70,43,0.4,1.1,0.7,343.7,5.8,10.7,274.3,6.7,12.5,618,6.5,32,95,22,305.8,3.2,10829.5,114,4453.4,75.5,139.2,3485.8,85,158.4,1,0,1,6.23,5,6,9.640998973
20140820,7,52,,,,,,,,,,78,70,35,0.4,0.8,0.5,343.7,5.8,10.7,274.3,6.7,12.5,618,6.5,32,95,22,305.8,3.2,10829.5,114,4453.4,75.5,139.2,3485.8,85,158.4,1,0,2,5.89,6,1,15.33976145
20140821,7,53,94,6242,273,112,676,161,385,28,2.4,87,77,36,0.4,1.1,0.7,343.7,5.8,10.7,274.3,6.7,12.5,618,6.5,32,95,22,305.8,3.2,10829.5,114,4453.4,75.5,139.2,3485.8,85,158.4,1,0,3,5.14,8,2,14.17417188
20140822,7,54,63,3131,81,14,383,106,160,24,2.8,83,73,24,0.1,1.1,0.7,343.7,5.8,10.7,274.3,6.7,12.5,618,6.5,32,95,22,305.8,3.2,10829.5,114,4453.4,75.5,139.2,3485.8,85,158.4,1,0,4,6.27,5,9,11.54442324
20140823,7,55,95,10830,618,306,,,,32,,92,86,38,0.3,1.1,0.8,343.7,5.8,10.7,274.3,6.7,12.5,618,6.5,32,95,22,305.8,3.2,10829.5,114,4453.4,75.5,139.2,3485.8,85,158.4,1,1,5,5.94,4,1,11.90875965
20140824,7,56,,,,,,,,,,76,65,37,0.4,0.9,0.6,553.8,9.1,17.3,136.7,3.5,6.8,710.2,7.2,32,99,20,274.4,2.8,11309.7,114.2,4713.5,77.3,147.3,3051.6,78.2,152.6,2,0,0,7.48,9,9,12.74979722
20140825,7,57,68,3278,44,,392,99,158,23,2.5,81,66,40,0.4,1.1,0.7,553.8,9.1,17.3,136.7,3.5,6.8,710.2,7.2,32,99,20,274.4,2.8,11309.7,114.2,4713.5,77.3,147.3,3051.6,78.2,152.6,2,0,1,6.04,8,7,11.89104883
20140826,7,58,,10467,672,299,,,,30,,90,81,43,0.4,1.1,0.8,553.8,9.1,17.3,136.7,3.5,6.8,710.2,7.2,32,99,20,274.4,2.8,11309.7,114.2,4713.5,77.3,147.3,3051.6,78.2,152.6,2,0,2,7.4,5,6,13.10952386
20140827,7,59,,,,,,,,,,81,71,42,0.5,1.1,0.8,553.8,9.1,17.3,136.7,3.5,6.8,710.2,7.2,32,99,20,274.4,2.8,11309.7,114.2,4713.5,77.3,147.3,3051.6,78.2,152.6,2,0,3,6.26,9,5,11.09449602
20140828,7,60,73,1777,,,195,102,43,13,5.2,83,71,26,0.3,0.9,0.7,553.8,9.1,17.3,136.7,3.5,6.8,710.2,7.2,32,99,20,274.4,2.8,11309.7,114.2,4713.5,77.3,147.3,3051.6,78.2,152.6,2,0,4,5.81,3,4,16.14120486
20140829,7,61,87,4557,12,,500,88,93,22,1.8,83,68,33,0.3,1,0.6,553.8,9.1,17.3,136.7,3.5,6.8,710.2,7.2,32,99,20,274.4,2.8,11309.7,114.2,4713.5,77.3,147.3,3051.6,78.2,152.6,2,0,5,6.58,7,5,11.36701894
20140830,7,62,99,11310,710,274,,,,32,,94,84,41,0.4,1,0.6,553.8,9.1,17.3,136.7,3.5,6.8,710.2,7.2,32,99,20,274.4,2.8,11309.7,114.2,4713.5,77.3,147.3,3051.6,78.2,152.6,2,1,6,4.27,3,9,16.26423318
20140831,7,63,,,,,,,,,,78,63,31,0.3,1,0.6,473.4,9.1,15.3,167.3,3.5,6.2,653.1,7.3,31,90,27,396.7,4.4,10435.7,116,4086.9,78.6,131.8,3789.1,78.9,140.3,3,0,0,4.91,2,5,11.714596
20140901,7,64,,,,,,,,,,78,63,31,0.3,0.8,0.6,473.4,9.1,15.3,167.3,3.5,6.2,653.1,7.3,31,90,27,396.7,4.4,10435.7,116,4086.9,78.6,131.8,3789.1,78.9,140.3,3,0,1,5.36,8,2,9.36706581
20140902,7,65,60,5500,150,50,,,,26,,79,65,37,0.3,0.8,0.5,473.4,9.1,15.3,167.3,3.5,6.2,653.1,7.3,31,90,27,396.7,4.4,10435.7,116,4086.9,78.6,131.8,3789.1,78.9,140.3,3,0,2,5.34,4,2,15.81362698
20140903,7,66,,,,,,,,,,79,65,29,0.3,0.8,0.5,473.4,9.1,15.3,167.3,3.5,6.2,653.1,7.3,31,90,27,396.7,4.4,10435.7,116,4086.9,78.6,131.8,3789.1,78.9,140.3,3,0,3,5.15,1,4,14.94730752
20140904,7,67,70,5500,150,50,,,,26,,78,62,20,0.1,0.9,0.6,473.4,9.1,15.3,167.3,3.5,6.2,653.1,7.3,31,90,27,396.7,4.4,10435.7,116,4086.9,78.6,131.8,3789.1,78.9,140.3,3,0,4,7.34,9,6,14.49299376
20140905,7,68,60,3000,,,,,,20,,78,60,25,0.1,0.9,0.6,473.4,9.1,15.3,167.3,3.5,6.2,653.1,7.3,31,90,27,396.7,4.4,10435.7,116,4086.9,78.6,131.8,3789.1,78.9,140.3,3,0,5,5.5,3,5,12.64415682
20140906,7,69,90,11000,600,300,,,,30,,78,60,44,0.4,0.9,0.6,473.4,9.1,15.3,167.3,3.5,6.2,653.1,7.3,31,90,27,396.7,4.4,10435.7,116,4086.9,78.6,131.8,3789.1,78.9,140.3,3,0,6,6.77,4,3,14.55859814
20140907,7,70,,,,,,,,,,78,60,35,0.3,0.9,0.6,473.4,9.1,15.3,167.3,3.5,6.2,653.1,7.3,31,90,27,396.7,4.4,10435.7,116,4086.9,78.6,131.8,3789.1,78.9,140.3,3,0,7,5.3,2,3,12.10885539
20140908,7,71,60,3000,,,,,,26,,78,59,40,0.3,1,0.6,473.4,9.1,15.3,167.3,3.5,6.2,653.1,7.3,31,90,27,396.7,4.4,10435.7,116,4086.9,78.6,131.8,3789.1,78.9,140.3,3,0,8,6.57,7,1,11.28158706
20140909,7,72,90,10000,500,300,,,,30,,77,54,49,0.5,1,0.7,473.4,9.1,15.3,167.3,3.5,6.2,653.1,7.3,31,90,27,396.7,4.4,10435.7,116,4086.9,78.6,131.8,3789.1,78.9,140.3,3,0,9,4.96,9,3,10.60119898
20140910,7,73,,,,,,,,,,77,54,43,0.5,1,0.7,473.4,9.1,15.3,167.3,3.5,6.2,653.1,7.3,31,90,27,396.7,4.4,10435.7,116,4086.9,78.6,131.8,3789.1,78.9,140.3,3,0,10,5.31,2,5,12.32218148
20140911,7,74,70,5288,39,14,594,147,252,26,2.5,82,55,31,0.2,1,0.6,473.4,9.1,15.3,167.3,3.5,6.2,653.1,7.3,31,90,27,396.7,4.4,10435.7,116,4086.9,78.6,131.8,3789.1,78.9,140.3,3,0,11,7.92,1,8,16.24713629
20140912,7,75,51,2968,,,353,89,119,20,2.5,80,55,37,0.3,1,0.6,473.4,9.1,15.3,167.3,3.5,6.2,653.1,7.3,31,90,27,396.7,4.4,10435.7,116,4086.9,78.6,131.8,3789.1,78.9,140.3,3,0,12,6.76,8,8,12.91208123
20140913,7,76,90,10436,653,397,,,,32,,78,53,51,0.6,1.1,0.6,473.4,9.1,15.3,167.3,3.5,6.2,653.1,7.3,31,90,27,396.7,4.4,10435.7,116,4086.9,78.6,131.8,3789.1,78.9,140.3,3,1,13,6.39,8,7,9.471088679
20140914,7,77,,,,,,,,,,78,53,33,0.3,1.1,0.6,599.1,10,17.6,200.5,5,9.1,799.6,8.2,34,97,22,446.7,4.6,10871.2,112.1,4816.1,80.3,141.7,3125.1,78.1,142.1,4,0,0,5.51,8,9,15.10561213
20140915,7,78,15,1500,,,100,60,,16,6,80,53,35,0.3,1,0.6,599.1,10,17.6,200.5,5,9.1,799.6,8.2,34,97,22,446.7,4.6,10871.2,112.1,4816.1,80.3,141.7,3125.1,78.1,142.1,4,0,1,7.43,1,4,13.81426856
20140916,7,79,96,5901,114,18,660,170,404,27,2.6,81,52,36,0.4,1,0.5,599.1,10,17.6,200.5,5,9.1,799.6,8.2,34,97,22,446.7,4.6,10871.2,112.1,4816.1,80.3,141.7,3125.1,78.1,142.1,4,0,2,4.81,6,9,13.81188834
20140917,7,80,,,,,,,,,,81,52,30,0.4,1,0.5,599.1,10,17.6,200.5,5,9.1,799.6,8.2,34,97,22,446.7,4.6,10871.2,112.1,4816.1,80.3,141.7,3125.1,78.1,142.1,4,0,3,6.86,5,6,13.97732135
20140918,7,81,79,5586,166,95,579,144,339,28,2.5,81,53,22,0.1,1,0.6,599.1,10,17.6,200.5,5,9.1,799.6,8.2,34,97,22,446.7,4.6,10871.2,112.1,4816.1,80.3,141.7,3125.1,78.1,142.1,4,0,4,6.28,6,2,12.41097185
20140919,7,82,58,4080,53,6,306,79,150,25,2.6,83,54,29,0.2,1,0.6,599.1,10,17.6,200.5,5,9.1,799.6,8.2,34,97,22,446.7,4.6,10871.2,112.1,4816.1,80.3,141.7,3125.1,78.1,142.1,4,0,5,5.99,4,7,15.58438066
20140920,7,83,97,10871,800,447,,,,32,,82,59,44,0.5,1,0.6,599.1,10,17.6,200.5,5,9.1,799.6,8.2,34,97,22,446.7,4.6,10871.2,112.1,4816.1,80.3,141.7,3125.1,78.1,142.1,4,1,6,4.88,4,9,13.33315624
20140921,7,84,,,,,,,,,,82,59,34,0.4,1,0.6,439.8,8,15.7,276.2,6.1,12,784.7,8,28,98,23,446.9,4.6,10777.4,110,3997.6,72.7,142.8,3165.1,70.3,137.6,5,0,0,6.54,9,5,8.993372738
20140922,7,85,,,,,,,,,,78,59,36,0.4,0.9,0.6,439.8,8,15.7,276.2,6.1,12,784.7,8,28,98,23,446.9,4.6,10777.4,110,3997.6,72.7,142.8,3165.1,70.3,137.6,5,0,1,6.18,3,3,13.68839135
20140923,7,86,67,5645,122,15,601,102,246,25,1.7,72,50,39,0.5,0.9,0.6,439.8,8,15.7,276.2,6.1,12,784.7,8,28,98,23,446.9,4.6,10777.4,110,3997.6,72.7,142.8,3165.1,70.3,137.6,5,0,2,4.5,9,2,9.102410132
20140924,7,87,60,7162,437,364,,,,31,,82,61,40,0.6,1.2,0.8,439.8,8,15.7,276.2,6.1,12,784.7,8,28,98,23,446.9,4.6,10777.4,110,3997.6,72.7,142.8,3165.1,70.3,137.6,5,0,3,5.23,8,4,16.52813822
20140925,7,88,,,,,,,,,,75,60,24,0.2,0.9,0.7,439.8,8,15.7,276.2,6.1,12,784.7,8,28,98,23,446.9,4.6,10777.4,110,3997.6,72.7,142.8,3165.1,70.3,137.6,5,0,4,5.06,9,6,11.31938656
20140926,7,89,,,,,,,,,,71,60,25,0.2,0.8,0.6,439.8,8,15.7,276.2,6.1,12,784.7,8,28,98,23,446.9,4.6,10777.4,110,3997.6,72.7,142.8,3165.1,70.3,137.6,5,0,5,5.9,3,4,12.29239412
20140927,7,90,79,5422,106,21,537,134,247,25,2.5,64,46,39,0.4,0.8,0.6,439.8,8,15.7,276.2,6.1,12,784.7,8,28,98,23,446.9,4.6,10777.4,110,3997.6,72.7,142.8,3165.1,70.3,137.6,5,0,6,7.93,9,2,11.82950822
20140928,7,91,44,2653,20,,286,79,138,24,2.7,67,46,31,0.3,1,0.6,439.8,8,15.7,276.2,6.1,12,784.7,8,28,98,23,446.9,4.6,10777.4,110,3997.6,72.7,142.8,3165.1,70.3,137.6,5,0,7,6.36,5,2,13.44513386
20140929,7,92,98,10777,785,447,,,,32,,80,66,32,0.3,1.2,0.7,439.8,8,15.7,276.2,6.1,12,784.7,8,28,98,23,446.9,4.6,10777.4,110,3997.6,72.7,142.8,3165.1,70.3,137.6,5,1,8,3.96,4,2,10.86353893
20140930,7,93,,,,,,,,,,72,64,36,0.4,0.9,0.6,391.5,9.8,17,326.6,5.4,9.6,718.1,7.6,23,95,34,223.7,2.4,11362.4,119.6,3180,79.5,138.3,5257.2,87.6,154.6,6,0,0,6.58,9,4,13.52333467
20141001,7,94,,,,,,,,,,72,64,36,0.4,0.7,0.4,391.5,9.8,17,326.6,5.4,9.6,718.1,7.6,23,95,34,223.7,2.4,11362.4,119.6,3180,79.5,138.3,5257.2,87.6,154.6,6,0,1,6.41,8,4,10.80047876
20141002,7,95,79,6223,146,55,633,144,271,29,2.3,73,63,37,0.4,0.9,0.5,391.5,9.8,17,326.6,5.4,9.6,718.1,7.6,23,95,34,223.7,2.4,11362.4,119.6,3180,79.5,138.3,5257.2,87.6,154.6,6,0,2,6.27,9,1,11.74186904
20141003,7,96,54,3484,,,400,86,136,21,2.2,72,62,39,0.4,1.1,0.5,391.5,9.8,17,326.6,5.4,9.6,718.1,7.6,23,95,34,223.7,2.4,11362.4,119.6,3180,79.5,138.3,5257.2,87.6,154.6,6,0,3,8.61,4,3,12.7484726
20141004,7,97,95,11362,718,224,,,,32,,73,60,40,0.4,1,0.7,391.5,9.8,17,326.6,5.4,9.6,718.1,7.6,23,95,34,223.7,2.4,11362.4,119.6,3180,79.5,138.3,5257.2,87.6,154.6,6,1,4,4.78,3,9,15.8634041
20141005,7,98,,,,,,,,,,73,60,40,0.4,0.9,0.7,760.7,14.1,28.2,303,6.6,13.2,1084.4,11.3,27,96,23,613,6.4,11538,120.2,4303.9,79.7,159.4,3618.6,78.7,157.3,7,0,0,4.39,8,9,15.12919571
20141006,7,99,,,,,,,,,,73,60,40,0.4,0.7,0.5,760.7,14.1,28.2,303,6.6,13.2,1084.4,11.3,27,96,23,613,6.4,11538,120.2,4303.9,79.7,159.4,3618.6,78.7,157.3,7,0,1,5.04,8,3,13.63959185
20141007,7,100,,,,,,,,,,65,56,32,0.3,0.7,0.5,760.7,14.1,28.2,303,6.6,13.2,1084.4,11.3,27,96,23,613,6.4,11538,120.2,4303.9,79.7,159.4,3618.6,78.7,157.3,7,0,2,6.13,2,8,12.55642056
20141008,7,101,,,,,,,,,,55,45,28,0.4,0.7,0.5,760.7,14.1,28.2,303,6.6,13.2,1084.4,11.3,27,96,23,613,6.4,11538,120.2,4303.9,79.7,159.4,3618.6,78.7,157.3,7,0,3,5.49,9,1,10.41915075
20141009,7,102,,,,,,,,,,55,45,,,0.5,0.4,760.7,14.1,28.2,303,6.6,13.2,1084.4,11.3,27,96,23,613,6.4,11538,120.2,4303.9,79.7,159.4,3618.6,78.7,157.3,7,0,4,6.82,3,9,13.04415455
20141010,7,103,,,,,,,,,,55,45,,,0.4,0.4,760.7,14.1,28.2,303,6.6,13.2,1084.4,11.3,27,96,23,613,6.4,11538,120.2,4303.9,79.7,159.4,3618.6,78.7,157.3,7,0,5,7.01,3,7,15.79867154
20141011,7,104,,,,,,,,,,48,43,,,,,760.7,14.1,28.2,303,6.6,13.2,1084.4,11.3,27,96,23,613,6.4,11538,120.2,4303.9,79.7,159.4,3618.6,78.7,157.3,7,0,6,6.55,3,1,15.08657131
20141012,7,105,,,,,,,,,,44,42,,,,,760.7,14.1,28.2,303,6.6,13.2,1084.4,11.3,27,96,23,613,6.4,11538,120.2,4303.9,79.7,159.4,3618.6,78.7,157.3,7,0,7,6.63,4,8,14.02469904
20141013,7,106,,,,,,,,,,29,22,,,,,760.7,14.1,28.2,303,6.6,13.2,1084.4,11.3,27,96,23,613,6.4,11538,120.2,4303.9,79.7,159.4,3618.6,78.7,157.3,7,0,8,8.2,6,6,12.89300668
20141014,7,107,,,,,,,,,,29,22,,,,,760.7,14.1,28.2,303,6.6,13.2,1084.4,11.3,27,96,23,613,6.4,11538,120.2,4303.9,79.7,159.4,3618.6,78.7,157.3,7,0,9,6.48,3,7,12.54190895
20141015,7,108,,,,,,,,,,29,22,,,,,760.7,14.1,28.2,303,6.6,13.2,1084.4,11.3,27,96,23,613,6.4,11538,120.2,4303.9,79.7,159.4,3618.6,78.7,157.3,7,0,10,5.93,3,2,11.3094445
20141016,7,109,78,5196,93,22,518,141,304,28,2.7,28,21,26,0.1,0.4,0.4,760.7,14.1,28.2,303,6.6,13.2,1084.4,11.3,27,96,23,613,6.4,11538,120.2,4303.9,79.7,159.4,3618.6,78.7,157.3,7,0,11,6.35,9,2,12.70168487
20141017,7,110,58,2770,24,12,330,79,177,26,2.4,27,21,41,0.1,0.6,0.5,760.7,14.1,28.2,303,6.6,13.2,1084.4,11.3,27,96,23,613,6.4,11538,120.2,4303.9,79.7,159.4,3618.6,78.7,157.3,7,0,12,5.58,1,1,14.92667978
20141018,7,111,96,11538,1084,613,,,,33,,27,31,100,1,0.6,0.4,760.7,14.1,28.2,303,6.6,13.2,1084.4,11.3,27,96,23,613,6.4,11538,120.2,4303.9,79.7,159.4,3618.6,78.7,157.3,7,1,13,6.78,2,1,14.38826962
20141019,7,112,,,,,,,,,,27,31,100,1,0.6,0.4,263.5,7.1,13.2,411.7,6.5,11.8,688.5,7.2,20,96,35,274.5,2.9,11829,123.2,2822.4,76.3,141.1,5533.9,87.8,158.1,8,0,0,6.75,1,6,12.71075979
20141020,7,113,,,,,,,,,,27,31,100,1,0.6,0.4,263.5,7.1,13.2,411.7,6.5,11.8,688.5,7.2,20,96,35,274.5,2.9,11829,123.2,2822.4,76.3,141.1,5533.9,87.8,158.1,8,0,1,5.33,2,3,13.609008
20141021,7,114,85,4880,15,,558,86,224,24,1.5,34,31,79,0.9,0.8,0.4,263.5,7.1,13.2,411.7,6.5,11.8,688.5,7.2,20,96,35,274.5,2.9,11829,123.2,2822.4,76.3,141.1,5533.9,87.8,158.1,8,0,2,8.85,2,6,15.70662113
20141022,7,115,82,7181,324,139,714,83,430,32,1.2,44,39,75,0.9,1.1,0.6,263.5,7.1,13.2,411.7,6.5,11.8,688.5,7.2,20,96,35,274.5,2.9,11829,123.2,2822.4,76.3,141.1,5533.9,87.8,158.1,8,0,3,6.9,7,1,10.53064409
20141023,7,116,,,,,,,,,,44,39,38,0.2,0.9,0.5,263.5,7.1,13.2,411.7,6.5,11.8,688.5,7.2,20,96,35,274.5,2.9,11829,123.2,2822.4,76.3,141.1,5533.9,87.8,158.1,8,0,4,6.52,4,6,14.85998591
20141024,7,117,63,5458,153,61,619,95,285,28,1.5,51,43,47,0.3,0.9,0.6,263.5,7.1,13.2,411.7,6.5,11.8,688.5,7.2,20,96,35,274.5,2.9,11829,123.2,2822.4,76.3,141.1,5533.9,87.8,158.1,8,0,5,6.13,4,9,14.10799829
20141025,7,118,50,2801,21,8,327,88,147,25,2.7,55,44,51,0.3,1,0.6,263.5,7.1,13.2,411.7,6.5,11.8,688.5,7.2,20,96,35,274.5,2.9,11829,123.2,2822.4,76.3,141.1,5533.9,87.8,158.1,8,0,6,5.83,1,6,15.71586855
20141026,7,119,96,11829,689,275,,,,32,,71,61,53,0.5,1.1,0.7,263.5,7.1,13.2,411.7,6.5,11.8,688.5,7.2,20,96,35,274.5,2.9,11829,123.2,2822.4,76.3,141.1,5533.9,87.8,158.1,8,1,7,6.78,3,5,12.16155001
20141027,7,120,,,,,,,,,,71,61,39,0.4,1.1,0.7,206.4,6.1,34.4,111,1.7,11.1,317.4,,6,32,10,211.1,,3668.7,,896.1,26.4,149.4,1652.4,25,165.2,9,0,0,6.75,7,9,11.06769682
20141028,7,121,57,3020,50,16,327,95,156,26,2.9,76,63,42,0.4,1,0.7,206.4,6.1,34.4,111,1.7,11.1,317.4,,6,32,10,211.1,,3668.7,,896.1,26.4,149.4,1652.4,25,165.2,9,1,1,6.36,8,8,6.902478283
20141029,7,122,32,3669,317,211,,,,32,,81,71,37,0.4,0.9,0.7,589.9,14.7,26.8,122,2,3.6,722.3,7.6,22,95,34,435.8,4.6,11014.2,115.9,3254.2,81.4,147.9,5058.4,84.3,148.8,10,0,0,6.56,4,4,13.49755589
20141030,7,123,51,3811,,,425,92,225,20,2.2,79,68,39,0.4,1.2,0.7,589.9,14.7,26.8,122,2,3.6,722.3,7.6,22,95,34,435.8,4.6,11014.2,115.9,3254.2,81.4,147.9,5058.4,84.3,148.8,10,0,1,7.87,2,9,13.20867488
20141031,7,124,68,3185,54,18,339,102,130,25,3,79,69,24,0.2,1.1,0.6,589.9,14.7,26.8,122,2,3.6,722.3,7.6,22,95,34,435.8,4.6,11014.2,115.9,3254.2,81.4,147.9,5058.4,84.3,148.8,10,0,2,6.84,6,5,11.89543995
20141101,7,125,95,11014,722,436,,,,32,,79,60,43,0.5,1.2,0.8,589.9,14.7,26.8,122,2,3.6,722.3,7.6,22,95,34,435.8,4.6,11014.2,115.9,3254.2,81.4,147.9,5058.4,84.3,148.8,10,1,3,6.28,7,5,12.19798511
20141102,7,126,,,,,,,,,,79,60,38,0.5,1,0.6,350,7.8,14.6,347,6.3,11.6,725.8,7.7,24,94,30,295.2,3.1,11345,120.7,3353.5,74.5,139.7,4571.9,83.1,152.4,11,0,0,7.33,9,7,10.66501558
20141103,7,127,,,,,,,,,,79,60,32,0.3,1,0.6,350,7.8,14.6,347,6.3,11.6,725.8,7.7,24,94,30,295.2,3.1,11345,120.7,3353.5,74.5,139.7,4571.9,83.1,152.4,11,0,1,7.46,9,4,13.33147704
20141104,7,128,71,5564,84,7,616,124,304,25,2,79,62,34,0.4,1,0.6,350,7.8,14.6,347,6.3,11.6,725.8,7.7,24,94,30,295.2,3.1,11345,120.7,3353.5,74.5,139.7,4571.9,83.1,152.4,11,0,2,5.48,5,3,18.30261642
20141105,7,129,87,5369,515,192,620,124,398,28,2,77,67,39,0.5,1.1,0.7,350,7.8,14.6,347,6.3,11.6,725.8,7.7,24,94,30,295.2,3.1,11345,120.7,3353.5,74.5,139.7,4571.9,83.1,152.4,11,0,3,5.65,2,3,12.60878668
20141106,7,130,,,,,,,,,,77,67,20,0.2,0.9,0.7,350,7.8,14.6,347,6.3,11.6,725.8,7.7,24,94,30,295.2,3.1,11345,120.7,3353.5,74.5,139.7,4571.9,83.1,152.4,11,0,4,4.82,6,3,16.07970432
20141107,7,131,70,4632,87,37,470,134,283,30,2.8,76,65,28,0.3,0.9,0.7,350,7.8,14.6,347,6.3,11.6,725.8,7.7,24,94,30,295.2,3.1,11345,120.7,3353.5,74.5,139.7,4571.9,83.1,152.4,11,0,5,7.62,7,6,12.2963978
20141108,7,132,51,2603,11,,312,76,121,22,2.4,76,65,33,0.3,1,0.5,350,7.8,14.6,347,6.3,11.6,725.8,7.7,24,94,30,295.2,3.1,11345,120.7,3353.5,74.5,139.7,4571.9,83.1,152.4,11,0,6,5.57,4,5,10.04412944
20141109,7,133,94,11345,726,295,,,,33,,75,66,44,0.5,1.1,0.7,350,7.8,14.6,347,6.3,11.6,725.8,7.7,24,94,30,295.2,3.1,11345,120.7,3353.5,74.5,139.7,4571.9,83.1,152.4,11,1,7,5.79,3,9,14.49355802
20141110,7,134,,,,,,,,,,75,66,34,0.3,1.1,0.7,613.2,11.4,24.5,135.3,2.9,6.4,803.4,8.3,25,97,21,538.2,5.5,10616.5,109.4,3741.9,69.3,149.7,3179.6,69.1,151.4,12,0,0,4.23,1,9,14.3471214
20141111,7,135,60,4000,,,,,,20,,76,64,41,0.3,1,0.6,613.2,11.4,24.5,135.3,2.9,6.4,803.4,8.3,25,97,21,538.2,5.5,10616.5,109.4,3741.9,69.3,149.7,3179.6,69.1,151.4,12,0,1,5.82,8,2,12.53725558
20141112,7,136,60,5000,100,,,,,20,,78,59,41,0.4,1,0.5,613.2,11.4,24.5,135.3,2.9,6.4,803.4,8.3,25,97,21,538.2,5.5,10616.5,109.4,3741.9,69.3,149.7,3179.6,69.1,151.4,12,0,2,6.26,6,9,11.00978525
20141113,7,137,40,2000,,,,,,20,,76,59,41,0.4,1.2,0.5,613.2,11.4,24.5,135.3,2.9,6.4,803.4,8.3,25,97,21,538.2,5.5,10616.5,109.4,3741.9,69.3,149.7,3179.6,69.1,151.4,12,0,3,6.36,4,1,15.19469517
20141114,7,138,80,9000,600,200,,,,30,,84,73,33,0.2,1.2,0.6,613.2,11.4,24.5,135.3,2.9,6.4,803.4,8.3,25,97,21,538.2,5.5,10616.5,109.4,3741.9,69.3,149.7,3179.6,69.1,151.4,12,0,4,4.66,3,7,14.2366154
20141115,7,139,,,,,,,,,,68,54,40,0.3,1,0.6,613.2,11.4,24.5,135.3,2.9,6.4,803.4,8.3,25,97,21,538.2,5.5,10616.5,109.4,3741.9,69.3,149.7,3179.6,69.1,151.4,12,0,5,6.91,5,9,11.32983068
20141116,7,140,40,3000,,,,,,20,,73,54,36,0.3,1,0.4,613.2,11.4,24.5,135.3,2.9,6.4,803.4,8.3,25,97,21,538.2,5.5,10616.5,109.4,3741.9,69.3,149.7,3179.6,69.1,151.4,12,0,6,6.44,7,3,12.22774704
20141117,7,141,40,2000,,,,,,20,,75,54,29,0.3,1.2,0.4,613.2,11.4,24.5,135.3,2.9,6.4,803.4,8.3,25,97,21,538.2,5.5,10616.5,109.4,3741.9,69.3,149.7,3179.6,69.1,151.4,12,0,7,6.95,9,2,14.40222237
20141118,7,142,30,4000,300,80,,,,30,,73,60,34,0.4,1.2,0.6,613.2,11.4,24.5,135.3,2.9,6.4,803.4,8.3,25,97,21,538.2,5.5,10616.5,109.4,3741.9,69.3,149.7,3179.6,69.1,151.4,12,0,8,5.61,6,4,12.02125567
20141119,7,143,,,,,,,,,,66,47,19,0.2,0.9,0.5,613.2,11.4,24.5,135.3,2.9,6.4,803.4,8.3,25,97,21,538.2,5.5,10616.5,109.4,3741.9,69.3,149.7,3179.6,69.1,151.4,12,0,9,4.93,5,4,12.69498641
20141120,7,144,,,,,,,,,,66,47,19,0.2,0.8,0.5,613.2,11.4,24.5,135.3,2.9,6.4,803.4,8.3,25,97,21,538.2,5.5,10616.5,109.4,3741.9,69.3,149.7,3179.6,69.1,151.4,12,0,10,6.73,3,8,14.80730002
20141121,7,145,54,2793,49,5,309,80,167,24,2.6,63,46,19,0.2,1,0.4,613.2,11.4,24.5,135.3,2.9,6.4,803.4,8.3,25,97,21,538.2,5.5,10616.5,109.4,3741.9,69.3,149.7,3179.6,69.1,151.4,12,0,11,5.32,1,3,14.38225408
20141122,7,146,97,10617,803,538,,,,33,,74,66,32,0.4,0.9,0.5,613.2,11.4,24.5,135.3,2.9,6.4,803.4,8.3,25,97,21,538.2,5.5,10616.5,109.4,3741.9,69.3,149.7,3179.6,69.1,151.4,12,1,12,6.57,7,8,13.54868393
20141123,7,147,,,,,,,,,,59,47,32,0.5,0.7,0.5,467.4,9,20.3,184.1,3.8,9.2,681.7,9,23,76,20,426.3,5.6,9191.1,120.9,3441.8,66.2,149.6,3087.3,64.3,154.4,13,0,0,6.42,3,4,13.48689905
20141124,7,148,,,,,,,,,,59,47,32,0.5,0.6,0.5,467.4,9,20.3,184.1,3.8,9.2,681.7,9,23,76,20,426.3,5.6,9191.1,120.9,3441.8,66.2,149.6,3087.3,64.3,154.4,13,0,1,5.73,9,5,11.06894268
20141125,7,149,72,6431,132,42,694,138,498,28,2,62,51,44,0.5,0.7,0.5,467.4,9,20.3,184.1,3.8,9.2,681.7,9,23,76,20,426.3,5.6,9191.1,120.9,3441.8,66.2,149.6,3087.3,64.3,154.4,13,0,2,5.17,2,8,19.85611268
20141126,7,150,,,,,,,,,,55,48,43,0.5,0.7,0.5,467.4,9,20.3,184.1,3.8,9.2,681.7,9,23,76,20,426.3,5.6,9191.1,120.9,3441.8,66.2,149.6,3087.3,64.3,154.4,13,0,3,5.85,2,3,15.30596597
20141127,7,151,78,4852,87,10,558,79,273,25,1.4,59,50,26,0.1,0.9,0.5,467.4,9,20.3,184.1,3.8,9.2,681.7,9,23,76,20,426.3,5.6,9191.1,120.9,3441.8,66.2,149.6,3087.3,64.3,154.4,13,0,4,6.1,1,2,16.58884825
20141128,7,152,59,3367,81,23,354,,144,26,,51,37,40,0.2,0.9,0.5,467.4,9,20.3,184.1,3.8,9.2,681.7,9,23,76,20,426.3,5.6,9191.1,120.9,3441.8,66.2,149.6,3087.3,64.3,154.4,13,0,5,7.2,7,1,11.26162334
20141129,7,153,76,9191,682,426,,,,32,,64,54,52,0.5,0.9,0.6,467.4,9,20.3,184.1,3.8,9.2,681.7,9,23,76,20,426.3,5.6,9191.1,120.9,3441.8,66.2,149.6,3087.3,64.3,154.4,13,1,6,4.98,2,1,16.31241074
20141130,7,154,,,,,,,,,,60,54,40,0.4,0.9,0.6,,,,,,,,,,,,,,,,,,,,,,14,0,0,5.7,2,2,13.78161197
20141201,7,155,46,3151,,,368,47,124,19,1.3,61,54,46,0.4,1.2,0.6,,,,,,,,,,,,,,,,,,,,,,14,0,1,6.35,8,9,12.03509691
20141202,7,156,46,4136,22,,413,80,155,22,1.9,62,47,45,0.4,1.1,0.5,,,,,,,,,,,,,,,,,,,,,,14,1,2,5.74,4,7,15.90023432
20141203,7,157,,,,,,,,,,62,47,37,0.4,1.1,0.5,607.7,16,28.9,216.7,3.5,6,832.7,8.6,21,97,36,464.9,4.8,11522,118.8,3169.8,83.4,150.9,5061.4,81.6,140.6,15,0,0,5.92,7,5,13.69996215
20141204,7,158,55,4226,16,,506,56,266,23,1.1,67,48,24,,1.1,0.5,607.7,16,28.9,216.7,3.5,6,832.7,8.6,21,97,36,464.9,4.8,11522,118.8,3169.8,83.4,150.9,5061.4,81.6,140.6,15,0,1,5.81,9,5,13.65419945
20141205,7,159,46,2498,34,12,285,70,109,26,2.4,67,47,29,,1.1,0.4,607.7,16,28.9,216.7,3.5,6,832.7,8.6,21,97,36,464.9,4.8,11522,118.8,3169.8,83.4,150.9,5061.4,81.6,140.6,15,0,2,6.99,3,7,11.62900342
20141206,7,160,97,11522,833,465,,,,32,,68,48,45,0.5,0.9,0.4,607.7,16,28.9,216.7,3.5,6,832.7,8.6,21,97,36,464.9,4.8,11522,118.8,3169.8,83.4,150.9,5061.4,81.6,140.6,15,1,3,5.72,6,3,14.88567239
20141207,7,161,,,,,,,,,,68,48,37,0.5,0.9,0.4,,,,,,,,,,,,,,,,,,,,,,16,0,0,6.09,4,6,14.82899293
20141208,7,162,,,,,,,,,,68,48,37,0.5,0.8,0.4,,,,,,,,,,,,,,,,,,,,,,16,0,1,6.09,6,6,14.11765787
20141209,7,163,,,,,,,,,,59,45,33,0.5,0.6,0.4,,,,,,,,,,,,,,,,,,,,,,16,0,2,6.52,3,5,11.03271079
20141210,7,164,,,,,,,,,,59,45,27,0.5,0.6,0.4,,,,,,,,,,,,,,,,,,,,,,16,0,3,6.21,6,9,14.13013866
20141211,7,165,65,5135,91,21,522,66,215,27,1.3,60,45,12,0.1,0.6,0.4,,,,,,,,,,,,,,,,,,,,,,16,0,4,3.88,7,9,14.96939728
20141212,7,166,52,2577,17,,287,53,96,23,1.8,59,43,18,0.1,0.6,0.4,,,,,,,,,,,,,,,,,,,,,,16,0,5,5.31,7,6,10.37450772
20141213,7,167,78,5759,222,118,569,152,291,27,2.7,54,32,35,0.3,0.7,0.6,,,,,,,,,,,,,,,,,,,,,,16,1,6,5.08,6,3,11.90808573
20141214,7,168,,,,,,,,,,54,32,35,0.3,0.7,0.6,582,11.6,23.3,199.4,4,7.7,781.4,8.1,25,97,26,493.6,5.1,10571,109,3524.6,70.5,141,3666.2,73.3,141,17,0,0,7.6,5,4,16.80639575
20141215,7,169,70,4397,69,29,498,70,273,27,1.4,56,33,44,0.3,1,0.7,582,11.6,23.3,199.4,4,7.7,781.4,8.1,25,97,26,493.6,5.1,10571,109,3524.6,70.5,141,3666.2,73.3,141,17,0,1,4.67,7,6,17.07390166
20141216,7,170,40,2436,33,5,280,40,114,25,1.4,53,34,39,0.3,1.2,0.8,582,11.6,23.3,199.4,4,7.7,781.4,8.1,25,97,26,493.6,5.1,10571,109,3524.6,70.5,141,3666.2,73.3,141,17,0,2,8.74,9,1,13.88119855
20141217,7,171,76,8688,583,313,,,,32,,65,48,45,0.5,1.5,0.7,582,11.6,23.3,199.4,4,7.7,781.4,8.1,25,97,26,493.6,5.1,10571,109,3524.6,70.5,141,3666.2,73.3,141,17,0,3,4.96,5,1,14.33600995
20141218,7,172,,,,,,,,,,59,48,36,0.4,1.1,0.6,582,11.6,23.3,199.4,4,7.7,781.4,8.1,25,97,26,493.6,5.1,10571,109,3524.6,70.5,141,3666.2,73.3,141,17,0,4,5.14,2,7,12.45205417
20141219,7,173,59,3362,47,5,353,75,143,24,2.1,61,48,43,0.4,1.1,0.6,582,11.6,23.3,199.4,4,7.7,781.4,8.1,25,97,26,493.6,5.1,10571,109,3524.6,70.5,141,3666.2,73.3,141,17,0,5,6.18,3,5,14.14976298
20141220,7,174,44,3048,74,20,315,73,126,26,2.3,49,29,50,0.6,1.1,0.6,582,11.6,23.3,199.4,4,7.7,781.4,8.1,25,97,26,493.6,5.1,10571,109,3524.6,70.5,141,3666.2,73.3,141,17,0,6,5.5,1,9,15.31536778
20141221,7,175,97,10571,781,494,,,,32,,64,49,56,0.8,1.3,0.7,582,11.6,23.3,199.4,4,7.7,781.4,8.1,25,97,26,493.6,5.1,10571,109,3524.6,70.5,141,3666.2,73.3,141,17,1,7,5.77,5,1,14.16337045
20141222,7,176,,,,,,,,,,64,49,37,0.5,1,0.7,624,16,27.1,429.8,7,11.9,1057.2,11.1,23,95,36,661.2,7,11497.4,121,3452.9,88.5,150.1,5445.9,89.3,151.3,18,0,0,6.55,8,7,9.692618536
20141223,7,177,,,,,,,,,,64,49,37,0.5,0.8,0.6,624,16,27.1,429.8,7,11.9,1057.2,11.1,23,95,36,661.2,7,11497.4,121,3452.9,88.5,150.1,5445.9,89.3,151.3,18,0,1,6.19,9,8,13.4895425
20141224,7,178,71,4815,99,49,518,101,181,27,2,70,51,36,0.5,0.8,0.5,624,16,27.1,429.8,7,11.9,1057.2,11.1,23,95,36,661.2,7,11497.4,121,3452.9,88.5,150.1,5445.9,89.3,151.3,18,0,2,6.48,9,6,14.54497484
20141225,7,179,44,3048,74,20,315,73,126,26,2.3,67,51,38,0.5,1,0.5,624,16,27.1,429.8,7,11.9,1057.2,11.1,23,95,36,661.2,7,11497.4,121,3452.9,88.5,150.1,5445.9,89.3,151.3,18,0,3,5.52,6,3,12.67761115
20141226,7,180,95,11497,1057,661,,,,33,,80,78,34,0.4,1,0.7,624,16,27.1,429.8,7,11.9,1057.2,11.1,23,95,36,661.2,7,11497.4,121,3452.9,88.5,150.1,5445.9,89.3,151.3,18,1,4,7.15,2,7,19.78691921
20141227,7,181,,,,,,,,,,72,72,37,0.4,0.9,0.7,371,7,12.4,491.3,10.5,18.9,895.6,9.3,30,96,26,484.6,5,12062.1,125.6,4369.7,82.4,145.7,4401,93.6,169.3,19,0,0,4.82,3,2,10.91480872
20141228,7,182,96,12062,896,485,,,,32,,88,95,49,0.6,0.8,0.7,371,7,12.4,491.3,10.5,18.9,895.6,9.3,30,96,26,484.6,5,12062.1,125.6,4369.7,82.4,145.7,4401,93.6,169.3,19,1,1,5.38,4,3,10.06768857
20141229,7,183,,,,,,,,,,82,93,45,0.6,0.8,0.7,758.4,14.3,27.1,220,4.7,8.8,1061.6,10.7,28,99,25,666.2,6.7,11718.1,118.4,4460.7,84.2,159.3,3675.1,78.2,147,20,0,0,6.89,2,9,14.08793872
20141230,7,184,,,,,,,,,,79,92,41,0.5,0.8,0.7,758.4,14.3,27.1,220,4.7,8.8,1061.6,10.7,28,99,25,666.2,6.7,11718.1,118.4,4460.7,84.2,159.3,3675.1,78.2,147,20,0,1,6.19,1,8,16.6935819
20141231,7,185,47,2615,15,8,289,84,102,25,2.9,70,78,29,0.3,0.8,0.6,758.4,14.3,27.1,220,4.7,8.8,1061.6,10.7,28,99,25,666.2,6.7,11718.1,118.4,4460.7,84.2,159.3,3675.1,78.2,147,20,0,2,6.06,3,4,11.61848592
20150101,7,186,99,11718,1062,666,,,,32,,87,105,42,0.5,0.9,0.8,758.4,14.3,27.1,220,4.7,8.8,1061.6,10.7,28,99,25,666.2,6.7,11718.1,118.4,4460.7,84.2,159.3,3675.1,78.2,147,20,1,3,4.99,3,8,11.87624534
20150102,7,187,,,,,,,,,,82,104,24,0.3,0.7,0.6,463.8,11.3,23.2,182.9,3.1,6.1,660,7.8,20,85,30,390.9,4.6,10050.2,118.2,2940.2,71.7,147,4506.6,76.4,150.2,21,0,0,6.45,6,5,16.95220612
20150103,7,188,,,,,,,,,,78,102,25,0.3,0.7,0.6,463.8,11.3,23.2,182.9,3.1,6.1,660,7.8,20,85,30,390.9,4.6,10050.2,118.2,2940.2,71.7,147,4506.6,76.4,150.2,21,0,1,6.17,2,2,14.58766891
20150104,7,189,,,,,,,,,,63,82,31,0.3,0.5,0.4,463.8,11.3,23.2,182.9,3.1,6.1,660,7.8,20,85,30,390.9,4.6,10050.2,118.2,2940.2,71.7,147,4506.6,76.4,150.2,21,0,2,5.14,4,4,11.43579672
20150105,7,190,,,,,,,,,,63,82,26,0.3,0.5,0.4,463.8,11.3,23.2,182.9,3.1,6.1,660,7.8,20,85,30,390.9,4.6,10050.2,118.2,2940.2,71.7,147,4506.6,76.4,150.2,21,0,3,6.36,9,3,11.42277
20150106,7,191,74,5304,43,11,555,141,250,24,2.5,71,83,10,,0.6,0.4,463.8,11.3,23.2,182.9,3.1,6.1,660,7.8,20,85,30,390.9,4.6,10050.2,118.2,2940.2,71.7,147,4506.6,76.4,150.2,21,0,4,5.83,6,9,5.866760912
20150107,7,192,,,,,,,,,,64,80,11,,0.5,0.4,463.8,11.3,23.2,182.9,3.1,6.1,660,7.8,20,85,30,390.9,4.6,10050.2,118.2,2940.2,71.7,147,4506.6,76.4,150.2,21,0,5,6.64,4,2,13.0082651
20150108,7,193,70,5140,42,16,517,119,259,25,2.3,67,80,22,,0.6,0.6,463.8,11.3,23.2,182.9,3.1,6.1,660,7.8,20,85,30,390.9,4.6,10050.2,118.2,2940.2,71.7,147,4506.6,76.4,150.2,21,0,6,5.77,3,4,15.25060737
20150109,7,194,39,2383,47,,256,64,109,23,2.5,54,54,33,0.1,0.7,0.8,463.8,11.3,23.2,182.9,3.1,6.1,660,7.8,20,85,30,390.9,4.6,10050.2,118.2,2940.2,71.7,147,4506.6,76.4,150.2,21,0,7,5.7,6,8,13.54219801
20150110,7,195,85,10050,660,391,,,,32,,68,71,46,0.3,0.9,0.5,463.8,11.3,23.2,182.9,3.1,6.1,660,7.8,20,85,30,390.9,4.6,10050.2,118.2,2940.2,71.7,147,4506.6,76.4,150.2,21,1,8,5.82,9,5,14.42125846
20150111,7,196,,,,,,,,,,51,48,47,0.4,0.9,0.5,520.4,9.1,16.3,183.7,4.3,7.7,722.3,7.5,32,96,24,418.9,4.4,11310.1,117.8,4618.2,81,144.3,3523.2,81.9,146.8,22,0,0,7.19,5,8,13.33431687
20150112,7,197,,,,,,,,,,51,48,47,0.4,0.9,0.5,520.4,9.1,16.3,183.7,4.3,7.7,722.3,7.5,32,96,24,418.9,4.4,11310.1,117.8,4618.2,81,144.3,3523.2,81.9,146.8,22,0,1,5.46,2,7,11.94128924
20150113,7,198,75,5944,63,12,616,130,369,26,2.1,60,49,43,0.4,0.9,0.5,520.4,9.1,16.3,183.7,4.3,7.7,722.3,7.5,32,96,24,418.9,4.4,11310.1,117.8,4618.2,81,144.3,3523.2,81.9,146.8,22,0,2,6.88,4,9,17.93858616
20150114,7,199,,,,,,,,,,56,49,39,0.4,0.9,0.5,520.4,9.1,16.3,183.7,4.3,7.7,722.3,7.5,32,96,24,418.9,4.4,11310.1,117.8,4618.2,81,144.3,3523.2,81.9,146.8,22,0,3,5.51,8,5,11.49233135
20150115,7,200,78,3929,138,42,532,79,186,28,1.5,45,25,30,0.2,0.8,0.5,520.4,9.1,16.3,183.7,4.3,7.7,722.3,7.5,32,96,24,418.9,4.4,11310.1,117.8,4618.2,81,144.3,3523.2,81.9,146.8,22,0,4,5.87,7,4,11.85427341
20150116,7,201,53,2395,74,21,259,69,101,27,2.7,49,27,35,0.3,0.8,0.6,520.4,9.1,16.3,183.7,4.3,7.7,722.3,7.5,32,96,24,418.9,4.4,11310.1,117.8,4618.2,81,144.3,3523.2,81.9,146.8,22,0,5,6.37,6,6,11.77749237
20150117,7,202,96,11310,722,419,,,,32,,64,46,51,0.6,0.8,0.5,520.4,9.1,16.3,183.7,4.3,7.7,722.3,7.5,32,96,24,418.9,4.4,11310.1,117.8,4618.2,81,144.3,3523.2,81.9,146.8,22,1,6,4.95,7,8,12.20464406
20150118,7,203,,,,,,,,,,64,46,38,0.5,0.8,0.5,470.3,9.4,17.4,257.8,5.2,9.2,749,7.9,27,95,28,420.1,4.4,11437.8,120.4,4040.7,80.8,149.7,4163,83.3,148.7,23,0,0,6.99,3,2,13.72895283
20150119,7,204,,,,,,,,,,64,46,38,0.5,0.8,0.5,470.3,9.4,17.4,257.8,5.2,9.2,749,7.9,27,95,28,420.1,4.4,11437.8,120.4,4040.7,80.8,149.7,4163,83.3,148.7,23,0,1,6.26,3,8,14.57722805
20150120,7,205,80,6200,250,150,600,150,350,28,2.5,65,51,42,0.5,0.8,0.6,470.3,9.4,17.4,257.8,5.2,9.2,749,7.9,27,95,28,420.1,4.4,11437.8,120.4,4040.7,80.8,149.7,4163,83.3,148.7,23,0,2,7.17,6,9,15.16614279
20150121,7,206,,,,,,,,,,65,51,37,0.5,0.8,0.6,470.3,9.4,17.4,257.8,5.2,9.2,749,7.9,27,95,28,420.1,4.4,11437.8,120.4,4040.7,80.8,149.7,4163,83.3,148.7,23,0,3,5.75,9,5,12.28847936
20150122,7,207,,,,,,,,,,58,50,15,0.1,0.6,0.6,470.3,9.4,17.4,257.8,5.2,9.2,749,7.9,27,95,28,420.1,4.4,11437.8,120.4,4040.7,80.8,149.7,4163,83.3,148.7,23,0,4,5.64,6,2,10.89922304
20150123,7,208,83,7639,437,238,668,199,261,32,3,66,60,29,0.3,0.8,0.7,470.3,9.4,17.4,257.8,5.2,9.2,749,7.9,27,95,28,420.1,4.4,11437.8,120.4,4040.7,80.8,149.7,4163,83.3,148.7,23,0,5,5.46,3,8,17.29604383
20150124,7,209,51,3436,20,,361,117,180,23,3.2,56,44,42,0.4,0.7,0.6,470.3,9.4,17.4,257.8,5.2,9.2,749,7.9,27,95,28,420.1,4.4,11437.8,120.4,4040.7,80.8,149.7,4163,83.3,148.7,23,0,6,6.52,6,8,12.15982716
20150125,7,210,,,,,,,,,,56,44,27,0.3,0.7,0.6,470.3,9.4,17.4,257.8,5.2,9.2,749,7.9,27,95,28,420.1,4.4,11437.8,120.4,4040.7,80.8,149.7,4163,83.3,148.7,23,0,7,4.69,8,5,11.0205699
20150126,7,211,84,6313,175,51,650,170,329,28,2.6,65,48,37,0.3,1,0.7,470.3,9.4,17.4,257.8,5.2,9.2,749,7.9,27,95,28,420.1,4.4,11437.8,120.4,4040.7,80.8,149.7,4163,83.3,148.7,23,0,8,5.19,2,2,14.73951796
20150127,7,212,81,6080,296,129,646,140,539,30,2.2,65,54,50,0.4,1,0.8,470.3,9.4,17.4,257.8,5.2,9.2,749,7.9,27,95,28,420.1,4.4,11437.8,120.4,4040.7,80.8,149.7,4163,83.3,148.7,23,0,9,5.01,9,8,11.2400905
20150128,7,213,,,,,,,,,,65,54,33,0.2,1,0.8,470.3,9.4,17.4,257.8,5.2,9.2,749,7.9,27,95,28,420.1,4.4,11437.8,120.4,4040.7,80.8,149.7,4163,83.3,148.7,23,0,10,7.01,6,1,13.08800839
20150129,7,214,66,4480,173,103,479,67,261,28,1.4,66,55,35,0.3,1.3,0.9,470.3,9.4,17.4,257.8,5.2,9.2,749,7.9,27,95,28,420.1,4.4,11437.8,120.4,4040.7,80.8,149.7,4163,83.3,148.7,23,0,11,3.97,6,3,13.87252622
20150130,7,215,49,2766,25,14,291,49,118,27,1.7,67,54,41,0.3,1.3,0.8,470.3,9.4,17.4,257.8,5.2,9.2,749,7.9,27,95,28,420.1,4.4,11437.8,120.4,4040.7,80.8,149.7,4163,83.3,148.7,23,0,12,6.18,3,9,16.69490664
20150131,7,216,95,11438,749,420,,,,30,,67,54,51,0.6,1.1,0.8,470.3,9.4,17.4,257.8,5.2,9.2,749,7.9,27,95,28,420.1,4.4,11437.8,120.4,4040.7,80.8,149.7,4163,83.3,148.7,23,1,13,4.95,5,1,14.31963432
20150201,7,217,,,,,,,,,,67,54,39,0.4,1.1,0.8,498.3,11.6,24.9,213.5,3.7,7.9,742.7,7.7,20,97,27,474.8,4.9,11482.5,118.4,3288.8,76.5,164.4,4236.8,74.3,156.9,24,0,0,7.12,9,2,13.01893003
20150202,7,218,,,,,,,,,,67,54,39,0.4,0.8,0.6,498.3,11.6,24.9,213.5,3.7,7.9,742.7,7.7,20,97,27,474.8,4.9,11482.5,118.4,3288.8,76.5,164.4,4236.8,74.3,156.9,24,0,1,5.79,6,7,10.61164073
20150203,7,219,58,3696,,,440,129,157,19,2.9,63,48,39,0.4,0.8,0.5,498.3,11.6,24.9,213.5,3.7,7.9,742.7,7.7,20,97,27,474.8,4.9,11482.5,118.4,3288.8,76.5,164.4,4236.8,74.3,156.9,24,0,2,5.31,9,5,11.85910783
20150204,7,220,79,6065,419,141,656,144,523,27,2.2,72,59,41,0.5,1,0.7,498.3,11.6,24.9,213.5,3.7,7.9,742.7,7.7,20,97,27,474.8,4.9,11482.5,118.4,3288.8,76.5,164.4,4236.8,74.3,156.9,24,0,3,5.25,9,1,12.26490643
20150205,7,221,,,,,,,,,,72,59,19,0.2,0.8,0.6,498.3,11.6,24.9,213.5,3.7,7.9,742.7,7.7,20,97,27,474.8,4.9,11482.5,118.4,3288.8,76.5,164.4,4236.8,74.3,156.9,24,0,4,5.9,6,3,14.60905216
20150206,7,222,74,5440,136,84,561,75,296,30,1.3,69,51,31,0.3,0.9,0.6,498.3,11.6,24.9,213.5,3.7,7.9,742.7,7.7,20,97,27,474.8,4.9,11482.5,118.4,3288.8,76.5,164.4,4236.8,74.3,156.9,24,0,5,6.27,9,7,9.969420691
20150207,7,223,35,2357,46,,359,35,86,24,1,67,52,36,0.3,1,0.6,498.3,11.6,24.9,213.5,3.7,7.9,742.7,7.7,20,97,27,474.8,4.9,11482.5,118.4,3288.8,76.5,164.4,4236.8,74.3,156.9,24,0,6,5.22,5,7,13.17004039
20150208,7,224,97,11483,743,475,,,,32,,83,71,42,0.5,1,0.7,498.3,11.6,24.9,213.5,3.7,7.9,742.7,7.7,20,97,27,474.8,4.9,11482.5,118.4,3288.8,76.5,164.4,4236.8,74.3,156.9,24,1,7,7.27,2,1,15.61527342
20150209,7,225,,,,,,,,,,74,66,36,0.4,1,0.7,491.1,10.2,20.5,255.9,4.9,9.8,785.6,8.3,24,95,26,385.4,4.1,10828.6,114,3436.5,71.6,143.2,4099.1,78.8,157.7,25,0,0,6.63,9,5,8.355887399
20150210,7,226,32,2477,,,272,32,64,21,1.2,69,58,43,0.4,1,0.7,491.1,10.2,20.5,255.9,4.9,9.8,785.6,8.3,24,95,26,385.4,4.1,10828.6,114,3436.5,71.6,143.2,4099.1,78.8,157.7,25,0,1,5.23,2,3,14.67112203
20150211,7,227,95,10829,786,385,,,,33,,84,79,44,0.5,1,0.7,491.1,10.2,20.5,255.9,4.9,9.8,785.6,8.3,24,95,26,385.4,4.1,10828.6,114,3436.5,71.6,143.2,4099.1,78.8,157.7,25,1,2,7.46,3,4,16.86415846
20150212,7,228,,,,,,,,,,78,74,44,0.5,1,0.7,457.6,9.7,16.9,259.3,4.9,8.4,735.2,7.8,27,94,31,280,3,10407.4,110.7,3678.9,78.3,136.3,4285.8,80.9,138.3,26,0,0,5.08,8,4,12.24778989
20150213,7,229,,,,,,,,,,74,74,25,0.3,0.8,0.6,457.6,9.7,16.9,259.3,4.9,8.4,735.2,7.8,27,94,31,280,3,10407.4,110.7,3678.9,78.3,136.3,4285.8,80.9,138.3,26,0,1,5.68,8,6,15.8296193
20150214,7,230,,,,,,,,,,59,54,31,0.4,0.7,0.6,457.6,9.7,16.9,259.3,4.9,8.4,735.2,7.8,27,94,31,280,3,10407.4,110.7,3678.9,78.3,136.3,4285.8,80.9,138.3,26,0,2,5.41,9,9,10.04271605
20150215,7,231,,,,,,,,,,59,54,26,0.4,0.5,0.4,457.6,9.7,16.9,259.3,4.9,8.4,735.2,7.8,27,94,31,280,3,10407.4,110.7,3678.9,78.3,136.3,4285.8,80.9,138.3,26,0,3,7.14,6,8,11.53123557
20150216,7,232,62,5313,16,,509,133,277,24,2.6,66,55,11,,0.6,0.4,457.6,9.7,16.9,259.3,4.9,8.4,735.2,7.8,27,94,31,280,3,10407.4,110.7,3678.9,78.3,136.3,4285.8,80.9,138.3,26,0,4,5.45,3,6,13.46011447
20150217,7,233,83,6792,484,244,670,84,498,30,1.2,70,67,24,0.2,0.7,0.6,457.6,9.7,16.9,259.3,4.9,8.4,735.2,7.8,27,94,31,280,3,10407.4,110.7,3678.9,78.3,136.3,4285.8,80.9,138.3,26,0,5,6.45,3,1,16.5420032
20150218,7,234,,,,,,,,,,62,56,27,0.2,0.6,0.4,457.6,9.7,16.9,259.3,4.9,8.4,735.2,7.8,27,94,31,280,3,10407.4,110.7,3678.9,78.3,136.3,4285.8,80.9,138.3,26,0,6,5.21,6,5,14.90736373
20150219,7,235,69,5215,42,,546,70,307,23,1.3,69,58,35,0.2,0.8,0.4,457.6,9.7,16.9,259.3,4.9,8.4,735.2,7.8,27,94,31,280,3,10407.4,110.7,3678.9,78.3,136.3,4285.8,80.9,138.3,26,0,7,6.69,2,9,15.59252466
20150220,7,236,46,2592,97,43,280,47,127,26,1.7,65,57,42,0.3,1,0.5,457.6,9.7,16.9,259.3,4.9,8.4,735.2,7.8,27,94,31,280,3,10407.4,110.7,3678.9,78.3,136.3,4285.8,80.9,138.3,26,0,8,6.55,1,4,14.49134858
20150221,7,237,94,10407,735,280,,,,33,,76,74,45,0.5,1.1,0.7,457.6,9.7,16.9,259.3,4.9,8.4,735.2,7.8,27,94,31,280,3,10407.4,110.7,3678.9,78.3,136.3,4285.8,80.9,138.3,26,1,9,5.68,4,5,14.27289576
20150222,7,238,,,,,,,,,,60,55,42,0.4,1.1,0.7,448.1,8.6,16.6,272.9,5.7,11.4,751.2,7.7,27,97,24,458.1,4.7,10868,112,3699.9,71.2,137,3865.5,80.5,161.1,27,0,0,7.16,8,5,13.12488747
20150223,7,239,,,,,,,,,,60,55,42,0.4,0.9,0.7,448.1,8.6,16.6,272.9,5.7,11.4,751.2,7.7,27,97,24,458.1,4.7,10868,112,3699.9,71.2,137,3865.5,80.5,161.1,27,0,1,6.7,3,2,12.47480646
20150224,7,240,88,6060,216,77,623,89,333,26,1.4,65,61,40,0.4,0.9,0.6,448.1,8.6,16.6,272.9,5.7,11.4,751.2,7.7,27,97,24,458.1,4.7,10868,112,3699.9,71.2,137,3865.5,80.5,161.1,27,0,2,5.2,1,7,18.52901606
20150225,7,241,,,,,,,,,,50,41,45,0.6,0.9,0.6,448.1,8.6,16.6,272.9,5.7,11.4,751.2,7.7,27,97,24,458.1,4.7,10868,112,3699.9,71.2,137,3865.5,80.5,161.1,27,0,3,5.59,1,9,13.18613284
20150226,7,242,76,5569,103,34,550,76,255,26,1.4,58,43,28,0.2,0.9,0.6,448.1,8.6,16.6,272.9,5.7,11.4,751.2,7.7,27,97,24,458.1,4.7,10868,112,3699.9,71.2,137,3865.5,80.5,161.1,27,0,4,5.85,4,2,16.34116032
20150227,7,243,49,2742,74,,302,49,155,23,1.6,62,45,32,0.2,0.9,0.6,448.1,8.6,16.6,272.9,5.7,11.4,751.2,7.7,27,97,24,458.1,4.7,10868,112,3699.9,71.2,137,3865.5,80.5,161.1,27,0,5,5.64,2,4,14.70226438
20150228,7,244,97,10868,751,458,,,,34,,77,64,45,0.5,0.9,0.6,448.1,8.6,16.6,272.9,5.7,11.4,751.2,7.7,27,97,24,458.1,4.7,10868,112,3699.9,71.2,137,3865.5,80.5,161.1,27,1,6,6.13,1,1,15.68293273
20150301,7,245,,,,,,,,,,77,64,35,0.4,0.9,0.6,345.4,9.9,18.2,366.8,5.6,9.9,725.4,7.6,19,95,37,403.1,4.2,11180.6,117.7,2643.3,75.5,139.1,5669.5,87.2,153.2,28,0,0,6.05,9,2,9.334894373
20150302,7,246,35,2453,,,266,74,43,19,2.8,73,64,41,0.4,1,0.6,345.4,9.9,18.2,366.8,5.6,9.9,725.4,7.6,19,95,37,403.1,4.2,11180.6,117.7,2643.3,75.5,139.1,5669.5,87.2,153.2,28,0,1,7.26,4,1,10.33957613
20150303,7,247,42,2530,57,8,293,43,124,25,1.5,67,53,38,0.4,0.9,0.5,345.4,9.9,18.2,366.8,5.6,9.9,725.4,7.6,19,95,37,403.1,4.2,11180.6,117.7,2643.3,75.5,139.1,5669.5,87.2,153.2,28,0,2,6.44,4,5,10.5060591
20150304,7,248,95,11181,725,403,,,,32,,82,71,45,0.5,1.2,0.7,345.4,9.9,18.2,366.8,5.6,9.9,725.4,7.6,19,95,37,403.1,4.2,11180.6,117.7,2643.3,75.5,139.1,5669.5,87.2,153.2,28,1,3,6.32,4,9,11.9616052
20150305,7,249,,,,,,,,,,75,70,30,0.3,0.9,0.7,436.5,8.9,15.1,341.3,6.7,11.4,802.7,8.5,29,94,30,379.8,4,10723.4,114.1,4050.4,82.7,139.7,4376.5,85.8,145.9,29,0,0,5.73,9,1,14.52356581
20150306,7,250,,,,,,,,,,72,68,31,0.3,0.8,0.6,436.5,8.9,15.1,341.3,6.7,11.4,802.7,8.5,29,94,30,379.8,4,10723.4,114.1,4050.4,82.7,139.7,4376.5,85.8,145.9,29,0,1,5.07,1,3,17.6293962
20150307,7,251,,,,,,,,,,57,49,33,0.4,0.6,0.4,436.5,8.9,15.1,341.3,6.7,11.4,802.7,8.5,29,94,30,379.8,4,10723.4,114.1,4050.4,82.7,139.7,4376.5,85.8,145.9,29,0,2,6.6,3,4,16.5311775
20150308,7,252,,,,,,,,,,57,49,27,0.4,0.6,0.4,436.5,8.9,15.1,341.3,6.7,11.4,802.7,8.5,29,94,30,379.8,4,10723.4,114.1,4050.4,82.7,139.7,4376.5,85.8,145.9,29,0,3,5.99,5,8,15.10851103
20150309,7,253,48,3376,23,,374,49,148,24,1.3,62,50,8,,0.6,0.4,436.5,8.9,15.1,341.3,6.7,11.4,802.7,8.5,29,94,30,379.8,4,10723.4,114.1,4050.4,82.7,139.7,4376.5,85.8,145.9,29,0,4,5.3,9,7,11.63109748
20150310,7,254,77,5813,126,16,635,78,450,26,1.2,62,47,21,0.1,0.7,0.5,436.5,8.9,15.1,341.3,6.7,11.4,802.7,8.5,29,94,30,379.8,4,10723.4,114.1,4050.4,82.7,139.7,4376.5,85.8,145.9,29,0,5,5.84,6,9,9.061158658
20150311,7,255,60,2000,,,20,,100,18,,64,47,24,0.1,0.7,0.5,436.5,8.9,15.1,341.3,6.7,11.4,802.7,8.5,29,94,30,379.8,4,10723.4,114.1,4050.4,82.7,139.7,4376.5,85.8,145.9,29,0,6,7.31,5,6,12.54033672
20150312,7,256,,,,,,,,,,57,45,27,0.1,0.7,0.5,436.5,8.9,15.1,341.3,6.7,11.4,802.7,8.5,29,94,30,379.8,4,10723.4,114.1,4050.4,82.7,139.7,4376.5,85.8,145.9,29,0,7,6.15,6,7,14.29978616
20150313,7,257,79,5723,33,8,592,79,283,25,1.3,61,44,38,0.1,0.9,0.6,436.5,8.9,15.1,341.3,6.7,11.4,802.7,8.5,29,94,30,379.8,4,10723.4,114.1,4050.4,82.7,139.7,4376.5,85.8,145.9,29,0,8,7.02,1,3,15.01491656
20150314,7,258,39,2540,32,,282,40,158,23,1.4,49,25,45,0.2,1.2,0.7,436.5,8.9,15.1,341.3,6.7,11.4,802.7,8.5,29,94,30,379.8,4,10723.4,114.1,4050.4,82.7,139.7,4376.5,85.8,145.9,29,0,9,7.01,2,3,10.54586198
20150315,7,259,94,10723,803,380,,,,32,,64,46,45,0.5,1.2,0.5,436.5,8.9,15.1,341.3,6.7,11.4,802.7,8.5,29,94,30,379.8,4,10723.4,114.1,4050.4,82.7,139.7,4376.5,85.8,145.9,29,1,10,6.26,7,1,12.45624892
20150316,7,260,,,,,,,,,,61,46,43,0.5,1,0.5,676.6,13,24.2,245,5.1,9.4,961.9,10,28,96,26,470.6,4.9,11325,118,4276.5,82.2,152.7,4029.7,84,155,30,0,0,6.1,2,5,14.89319615
20150317,7,261,46,2752,250,12,285,47,69,26,1.6,61,51,49,0.6,0.9,0.5,676.6,13,24.2,245,5.1,9.4,961.9,10,28,96,26,470.6,4.9,11325,118,4276.5,82.2,152.7,4029.7,84,155,30,0,1,8.41,7,1,12.97028179
20150318,7,262,,,,,,,,,,45,32,49,0.9,0.8,0.5,676.6,13,24.2,245,5.1,9.4,961.9,10,28,96,26,470.6,4.9,11325,118,4276.5,82.2,152.7,4029.7,84,155,30,0,2,5.45,7,4,13.59292031
20150319,7,263,80,4963,113,6,510,81,249,24,1.6,52,35,49,0.8,1,0.6,676.6,13,24.2,245,5.1,9.4,961.9,10,28,96,26,470.6,4.9,11325,118,4276.5,82.2,152.7,4029.7,84,155,30,0,3,5.59,3,4,13.06637279
20150320,7,264,51,3243,50,9,369,52,154,25,1.4,57,37,27,0.3,0.9,0.6,676.6,13,24.2,245,5.1,9.4,961.9,10,28,96,26,470.6,4.9,11325,118,4276.5,82.2,152.7,4029.7,84,155,30,0,4,6.23,1,7,11.90063557
20150321,7,265,96,11325,962,471,,,,32,,72,61,42,0.6,1,0.8,676.6,13,24.2,245,5.1,9.4,961.9,10,28,96,26,470.6,4.9,11325,118,4276.5,82.2,152.7,4029.7,84,155,30,1,5,6.88,4,2,13.97024743
20150322,7,266,,,,,,,,,,72,61,37,0.5,0.8,0.6,376.8,7.4,17.1,519.7,10.6,22.6,912.9,9.5,22,96,23,382,4,11011.3,114.7,3320.4,65.1,150.9,3825.5,78.1,166.3,31,0,0,6.55,2,9,14.87562335
20150323,7,267,,,,,,,,,,68,60,40,0.5,0.8,0.6,376.8,7.4,17.1,519.7,10.6,22.6,912.9,9.5,22,96,23,382,4,11011.3,114.7,3320.4,65.1,150.9,3825.5,78.1,166.3,31,0,1,5.25,2,5,17.18049113
20150324,7,268,,,,,,,,,,60,57,34,0.5,0.7,0.5,376.8,7.4,17.1,519.7,10.6,22.6,912.9,9.5,22,96,23,382,4,11011.3,114.7,3320.4,65.1,150.9,3825.5,78.1,166.3,31,0,2,4.92,3,1,12.61579761
20150325,7,269,,,,,,,,,,57,57,27,0.4,0.7,0.5,376.8,7.4,17.1,519.7,10.6,22.6,912.9,9.5,22,96,23,382,4,11011.3,114.7,3320.4,65.1,150.9,3825.5,78.1,166.3,31,0,3,6.71,5,3,12.93420096
20150326,7,270,,,,,,,,,,57,57,,,0.5,0.4,376.8,7.4,17.1,519.7,10.6,22.6,912.9,9.5,22,96,23,382,4,11011.3,114.7,3320.4,65.1,150.9,3825.5,78.1,166.3,31,0,4,5.69,2,8,16.20175274
20150327,7,271,,,,,,,,,,49,56,,,0.4,0.4,376.8,7.4,17.1,519.7,10.6,22.6,912.9,9.5,22,96,23,382,4,11011.3,114.7,3320.4,65.1,150.9,3825.5,78.1,166.3,31,0,5,5.35,6,2,10.55114874
20150328,7,272,,,,,,,,,,46,56,,,,,376.8,7.4,17.1,519.7,10.6,22.6,912.9,9.5,22,96,23,382,4,11011.3,114.7,3320.4,65.1,150.9,3825.5,78.1,166.3,31,0,6,6.56,8,2,10.77318534
20150329,7,273,,,,,,,,,,31,35,,,,,376.8,7.4,17.1,519.7,10.6,22.6,912.9,9.5,22,96,23,382,4,11011.3,114.7,3320.4,65.1,150.9,3825.5,78.1,166.3,31,0,7,5.85,5,3,14.84245905
20150330,7,274,,,,,,,,,,31,35,,,,,376.8,7.4,17.1,519.7,10.6,22.6,912.9,9.5,22,96,23,382,4,11011.3,114.7,3320.4,65.1,150.9,3825.5,78.1,166.3,31,0,8,7.19,7,5,8.297704447
20150331,7,275,,,,,,,,,,27,29,,,,,376.8,7.4,17.1,519.7,10.6,22.6,912.9,9.5,22,96,23,382,4,11011.3,114.7,3320.4,65.1,150.9,3825.5,78.1,166.3,31,0,9,5.01,2,9,17.51273339
20150401,7,276,77,5752,108,43,605,77,377,29,1.3,35,31,23,0.1,0.4,0.4,376.8,7.4,17.1,519.7,10.6,22.6,912.9,9.5,22,96,23,382,4,11011.3,114.7,3320.4,65.1,150.9,3825.5,78.1,166.3,31,0,10,6.27,8,6,10.52557196
20150402,7,277,,,,,,,,,,28,29,28,0.1,0.4,0.4,376.8,7.4,17.1,519.7,10.6,22.6,912.9,9.5,22,96,23,382,4,11011.3,114.7,3320.4,65.1,150.9,3825.5,78.1,166.3,31,0,11,5.42,1,7,14.31015387
20150403,7,278,72,4117,11,,522,73,159,23,1.4,29,28,47,0.1,0.6,0.4,376.8,7.4,17.1,519.7,10.6,22.6,912.9,9.5,22,96,23,382,4,11011.3,114.7,3320.4,65.1,150.9,3825.5,78.1,166.3,31,0,12,6.4,6,8,17.58221982
20150404,7,279,58,2753,,,306,58,126,21,1.9,17,3,100,1,0.7,0.4,376.8,7.4,17.1,519.7,10.6,22.6,912.9,9.5,22,96,23,382,4,11011.3,114.7,3320.4,65.1,150.9,3825.5,78.1,166.3,31,0,13,6.88,9,1,12.36227988
20150405,7,280,96,11011,913,382,,,,31,,33,26,100,1,0.8,0.4,376.8,7.4,17.1,519.7,10.6,22.6,912.9,9.5,22,96,23,382,4,11011.3,114.7,3320.4,65.1,150.9,3825.5,78.1,166.3,31,1,14,8.49,2,5,12.42781118
20150406,7,281,,,,,,,,,,33,26,76,0.9,0.8,0.4,428.2,10.4,20.4,389.2,6.6,14.4,817.5,8.7,21,94,27,365.4,3.9,9967,106,3074.5,75,146.4,4261.9,72.2,157.8,32,0,0,5.63,7,8,12.63825199
20150407,7,282,,,,,,,,,,33,26,76,0.9,0.8,0.4,428.2,10.4,20.4,389.2,6.6,14.4,817.5,8.7,21,94,27,365.4,3.9,9967,106,3074.5,75,146.4,4261.9,72.2,157.8,32,0,1,6,3,3,13.40590676
20150408,7,283,80,5211,28,,547,81,205,23,1.5,40,27,66,0.9,0.8,0.4,428.2,10.4,20.4,389.2,6.6,14.4,817.5,8.7,21,94,27,365.4,3.9,9967,106,3074.5,75,146.4,4261.9,72.2,157.8,32,0,2,4.27,8,2,12.99377768
20150409,7,284,94,7324,167,96,706,95,336,28,1.3,50,31,65,0.9,1.1,0.5,428.2,10.4,20.4,389.2,6.6,14.4,817.5,8.7,21,94,27,365.4,3.9,9967,106,3074.5,75,146.4,4261.9,72.2,157.8,32,0,3,6.4,9,4,13.57942285
20150410,7,285,,,,,,,,,,50,31,35,0.2,0.9,0.5,428.2,10.4,20.4,389.2,6.6,14.4,817.5,8.7,21,94,27,365.4,3.9,9967,106,3074.5,75,146.4,4261.9,72.2,157.8,32,0,4,5.55,6,9,10.71027498
20150411,7,286,80,5072,60,14,546,81,248,24,1.5,57,33,43,0.2,1,0.5,428.2,10.4,20.4,389.2,6.6,14.4,817.5,8.7,21,94,27,365.4,3.9,9967,106,3074.5,75,146.4,4261.9,72.2,157.8,32,0,5,6.68,7,9,10.79881095
20150412,7,287,49,3565,31,7,350,50,130,25,1.4,62,34,47,0.2,1,0.7,428.2,10.4,20.4,389.2,6.6,14.4,817.5,8.7,21,94,27,365.4,3.9,9967,106,3074.5,75,146.4,4261.9,72.2,157.8,32,0,6,6.34,8,5,9.769560487
20150413,7,288,84,9967,818,365,,,,32,,76,55,47,0.5,1.2,0.5,428.2,10.4,20.4,389.2,6.6,14.4,817.5,8.7,21,94,27,365.4,3.9,9967,106,3074.5,75,146.4,4261.9,72.2,157.8,32,1,7,7.37,4,7,15.92459979
20150414,7,289,,,,,,,,,,76,55,34,0.4,1.2,0.5,,,,,,,,,,,,,,,,,,,,,,33,0,0,7.19,6,8,12.37861751
20150415,7,290,,,,,,,,,,68,52,38,0.4,0.9,0.5,,,,,,,,,,,,,,,,,,,,,,33,0,1,4.22,9,3,15.98210142
20150416,7,291,,,,,,,,,,68,52,28,0.4,0.7,0.4,,,,,,,,,,,,,,,,,,,,,,33,0,2,7.88,4,5,14.60847249
20150417,7,292,,,,,,,,,,62,52,22,0.4,0.7,0.4,,,,,,,,,,,,,,,,,,,,,,33,0,3,6.48,7,6,11.06485997
20150418,7,293,,,,,,,,,,58,52,,,0.5,0.4,,,,,,,,,,,,,,,,,,,,,,33,0,4,4.85,2,8,14.75888244
20150419,7,294,,,,,,,,,,43,28,,,0.4,0.4,,,,,,,,,,,,,,,,,,,,,,33,1,5,5.57,6,2,12.92223286
20150420,7,295,,,,,,,,,,43,28,,,,,,,,,,,,,,,,,,,,,,,,,,34,0,0,7.34,3,8,13.61444606
20150421,7,296,,,,,,,,,,43,28,,,,,,,,,,,,,,,,,,,,,,,,,,34,0,1,5.78,7,7,10.73610652
20150422,7,297,,,,,,,,,,36,27,,,,,,,,,,,,,,,,,,,,,,,,,,34,0,2,3.89,8,5,14.80048326
20150423,7,298,,,,,,,,,,26,23,,,,,,,,,,,,,,,,,,,,,,,,,,34,0,3,6.59,6,5,12.65751562
20150424,7,299,,,,,,,,,,26,23,,,,,,,,,,,,,,,,,,,,,,,,,,34,0,4,7.87,3,1,15.59052463
20150425,7,300,,,,,,,,,,19,22,,,,,,,,,,,,,,,,,,,,,,,,,,34,0,5,6.02,2,5,17.40307034
20150426,7,301,,,,,,,,,,14,21,,,,,,,,,,,,,,,,,,,,,,,,,,34,0,6,5.56,2,6,13.5597926
20150427,7,302,78,4595,21,7,543,78,207,24,1.4,6,1,100,1,0.4,0.4,,,,,,,,,,,,,,,,,,,,,,34,0,7,6.23,2,8,14.0313873
20150428,7,303,81,6637,30,8,687,81,359,25,1.2,16,1,100,1,0.6,0.6,,,,,,,,,,,,,,,,,,,,,,34,0,8,5.54,5,3,12.30461813
20150429,7,304,,,,,,,,,,16,1,100,1,0.6,0.6,,,,,,,,,,,,,,,,,,,,,,34,0,9,3.84,5,3,12.83803168
20150430,7,305,77,5607,152,70,552,78,324,27,1.4,23,5,100,1,0.8,0.5,,,,,,,,,,,,,,,,,,,,,,34,0,10,5.68,8,8,11.19616449
20150501,7,306,,,,,,,,,,23,5,100,1,0.8,0.5,,,,,,,,,,,,,,,,,,,,,,34,0,11,7.52,6,7,13.74181852
20150502,7,307,,,,,,,,,,23,5,73,0.9,0.8,0.5,,,,,,,,,,,,,,,,,,,,,,34,0,12,6.14,2,2,14.61951151
20150503,7,308,,,,,,,,,,23,5,33,0.7,0.8,0.5,,,,,,,,,,,,,,,,,,,,,,34,0,13,5.37,7,4,13.15591466
20150504,7,309,,,,,,,,,,23,5,33,0.7,0.6,0.5,,,,,,,,,,,,,,,,,,,,,,34,0,14,7.6,8,3,11.14789379
20150505,7,310,105,6833,247,119,674,105,390,30,1.6,33,11,29,0.5,0.6,0.6,,,,,,,,,,,,,,,,,,,,,,34,0,15,5.17,4,4,13.86021055
20150506,7,311,,,,,,,,,,33,11,29,0.5,0.6,0.6,,,,,,,,,,,,,,,,,,,,,,34,0,16,5.87,1,8,14.25390733
20150507,7,312,87,4773,297,144,496,88,287,29,1.8,39,19,41,0.7,0.6,0.6,,,,,,,,,,,,,,,,,,,,,,34,0,17,6.78,3,1,17.22942112
20150508,7,313,,,,,,,,,,39,19,41,0.7,0.6,0.6,,,,,,,,,,,,,,,,,,,,,,34,0,18,5.58,3,3,11.9528123
20150509,7,314,,,,,,,,,,39,19,41,0.7,0.6,0.6,,,,,,,,,,,,,,,,,,,,,,34,0,19,6,9,8,12.06831479
20150510,7,315,,,,,,,,,,39,19,17,0.4,0.6,0.6,,,,,,,,,,,,,,,,,,,,,,34,0,20,7.53,1,9,13.14901869
20150511,7,316,,,,,,,,,,33,19,20,0.4,0.6,0.6,,,,,,,,,,,,,,,,,,,,,,34,0,21,6.53,4,9,11.69320021
20150512,7,317,,,,,,,,,,24,18,,,0.4,0.4,,,,,,,,,,,,,,,,,,,,,,34,0,22,6.44,4,1,15.23917725
20150513,7,318,,,,,,,,,,24,18,,,0.4,0.4,,,,,,,,,,,,,,,,,,,,,,34,0,23,5.2,7,3,14.17296626
20150514,7,319,,,,,,,,,,16,14,,,,,,,,,,,,,,,,,,,,,,,,,,34,0,24,4.3,3,9,15.94345665
20150515,7,320,,,,,,,,,,16,14,,,,,,,,,,,,,,,,,,,,,,,,,,34,0,25,6.44,2,6,16.47636541
20150516,7,321,,,,,,,,,,16,14,,,,,,,,,,,,,,,,,,,,,,,,,,34,0,26,4.57,1,1,15.11173854
20150517,7,322,,,,,,,,,,16,14,,,,,,,,,,,,,,,,,,,,,,,,,,34,0,27,4.5,8,3,11.74982199
20150518,7,323,,,,,,,,,,16,14,,,,,,,,,,,,,,,,,,,,,,,,,,34,0,28,5.14,6,4,14.21633548
20150519,7,324,,,,,,,,,,7,8,,,,,,,,,,,,,,,,,,,,,,,,,,34,0,29,5.75,8,8,13.36318028
20150520,7,325,,,,,,,,,,7,8,,,,,,,,,,,,,,,,,,,,,,,,,,34,0,30,4.29,5,8,14.98448777
20150521,7,326,,,,,,,,,,,,,,,,,,,,,,,,,,,,,,,,,,,,,34,0,31,5.82,2,3,16.08643051
20150522,7,327,,,,,,,,,,,,,,,,,,,,,,,,,,,,,,,,,,,,,34,0,32,7.75,4,3,16.220953
20150523,7,328,,,,,,,,,,,,,,,,,,,,,,,,,,,,,,,,,,,,,34,0,33,7.53,6,3,14.2090644
20150524,7,329,,,,,,,,,,,,,,,,,,,,,,,,,,,,,,,,,,,,,34,0,34,5.98,8,1,12.70922276
20150525,7,330,,,,,,,,,,,,,,,,,,,,,,,,,,,,,,,,,,,,,34,0,35,5.4,5,1,9.765572892
20150526,7,331,,,,,,,,,,,,,,,,,,,,,,,,,,,,,,,,,,,,,34,0,36,7.05,5,5,11.7605249
20150527,7,332,,,,,,,,,,,,,,,,,,,,,,,,,,,,,,,,,,,,,34,0,37,6.52,6,9,12.57030838
20150528,7,333,,,,,,,,,,,,,,,,,,,,,,,,,,,,,,,,,,,,,34,0,38,7.21,5,5,12.46642155
20150529,7,334,,,,,,,,,,,,,,,,,,,,,,,,,,,,,,,,,,,,,34,0,39,7.43,4,5,16.78578724
20150530,7,335,,,,,,,,,,,,,,,,,,,,,,,,,,,,,,,,,,,,,34,0,40,5.53,5,6,11.84107433
20150531,7,336,,,,,,,,,,,,,,,,,,,,,,,,,,,,,,,,,,,,,34,0,41,5,7,6,9.8294262
20150601,7,337,,,,,,,,,,,,,,,,,,,,,,,,,,,,,,,,,,,,,34,0,42,4.24,8,1,12.68131363
20150602,7,338,,,,,,,,,,,,,,,,,,,,,,,,,,,,,,,,,,,,,34,0,43,5.21,5,4,11.05416287
20150603,7,339,,,,,,,,,,,,,,,,,,,,,,,,,,,,,,,,,,,,,34,0,44,6.65,5,1,12.43811568
20150604,7,340,,,,,,,,,,,,,,,,,,,,,,,,,,,,,,,,,,,,,34,0,45,3.56,4,1,13.89538027
20150605,7,341,,,,,,,,,,,,,,,,,,,,,,,,,,,,,,,,,,,,,34,0,46,6.35,8,7,11.42939251
20150606,7,342,,,,,,,,,,,,,,,,,,,,,,,,,,,,,,,,,,,,,34,0,47,6.62,7,7,12.85443864
20150607,7,343,,,,,,,,,,,,,,,,,,,,,,,,,,,,,,,,,,,,,34,0,48,7.33,7,7,12.27225191
20150608,7,344,,,,,,,,,,,,,,,,,,,,,,,,,,,,,,,,,,,,,34,0,49,6.45,8,4,14.37250437
20150609,7,345,,,,,,,,,,,,,,,,,,,,,,,,,,,,,,,,,,,,,34,0,50,5.89,6,8,13.03610335
20150610,7,346,,,,,,,,,,,,,,,,,,,,,,,,,,,,,,,,,,,,,34,0,51,8.14,6,3,13.71131909
20150611,7,347,,,,,,,,,,,,,,,,,,,,,,,,,,,,,,,,,,,,,34,0,52,7.07,3,7,13.04250835
20150612,7,348,,,,,,,,,,,,,,,,,,,,,,,,,,,,,,,,,,,,,34,0,53,6.61,4,8,13.48167213
20150613,7,349,,,,,,,,,,,,,,,,,,,,,,,,,,,,,,,,,,,,,34,0,54,5.18,4,9,17.22918578
20150614,7,350,,,,,,,,,,,,,,,,,,,,,,,,,,,,,,,,,,,,,34,0,55,6.98,6,1,15.99068483
20150615,7,351,,,,,,,,,,,,,,,,,,,,,,,,,,,,,,,,,,,,,34,0,56,5.41,6,4,11.99752576
20150616,7,352,,,,,,,,,,,,,,,,,,,,,,,,,,,,,,,,,,,,,34,0,57,5.73,4,3,8.779826458
20150617,7,353,,,,,,,,,,,,,,,,,,,,,,,,,,,,,,,,,,,,,34,0,58,4.51,7,6,13.02050695
20150618,7,354,,,,,,,,,,,,,,,,,,,,,,,,,,,,,,,,,,,,,34,0,59,5.95,2,5,13.51021504
20150619,7,355,,,,,,,,,,,,,,,,,,,,,,,,,,,,,,,,,,,,,34,0,60,5.61,4,2,14.1330943
20150620,7,356,,,,,,,,,,,,,,,,,,,,,,,,,,,,,,,,,,,,,34,0,61,5.54,6,2,10.91364744
20150621,7,357,,,,,,,,,,,,,,,,,,,,,,,,,,,,,,,,,,,,,34,0,62,6.64,8,5,15.35035367
20150622,7,358,,,,,,,,,,,,,,,,,,,,,,,,,,,,,,,,,,,,,34,0,63,6.43,9,2,13.63854203
20150623,7,359,,,,,,,,,,,,,,,,,,,,,,,,,,,,,,,,,,,,,34,0,64,7.64,1,1,14.92312198
20150624,7,360,,,,,,,,,,,,,,,,,,,,,,,,,,,,,,,,,,,,,34,0,65,4.81,1,2,14.68313193
20150625,7,361,,,,,,,,,,,,,,,,,,,,,,,,,,,,,,,,,,,,,34,0,66,6.49,8,4,9.392508185
20150626,7,362,,,,,,,,,,,,,,,,,,,,,,,,,,,,,,,,,,,,,34,0,67,6.91,8,1,10.13787962
20150627,7,363,,,,,,,,,,,,,,,,,,,,,,,,,,,,,,,,,,,,,34,0,68,7.27,3,8,12.10691131
20150628,7,364,,,,,,,,,,,,,,,,,,,,,,,,,,,,,,,,,,,,,34,0,69,6.99,5,3,13.19182642
20150629,7,365,,,,,,,,,,,,,,,,,,,,,,,,,,,,,,,,,,,,,34,0,70,7.26,1,1,16.95924927