date,ID,T.T_TIME,T.TOTAL_DISTANCE,T.HIGH_INTENSITY_DISTANCE,T.SPRINT_DISTANCE,T_PLAYER_LOAD,count_last_week,sum_last_week,ACUTE_LOAD,count_last_fourweeks,sum_last_fourweeks,CHRONIC_LOAD,T_HEART_RATE_EXERTION,T_ACC_DEC_LOAD,T.PEAK_SPEED,T.HRE_PL_LOAD,T.VOLUME_STATUS,T.INTENSITY_STATUS,T.VOLUME_RATIO,T.INTENSITY_RATIO,T.MONOTONY_VOLUME,T.MONOTONY_INTENSITY,G.HI_IP_m,G.HI_IP_m.pc,G.HI_IP_m.min,G.HI_OP_m,G.HI_OP_m.pc,G.HI_OP_m.min,G.HID_m,G.HID_m.min,G.IP_mins,G.MINS,G.OP_mins,G.SPR_m,G.SPR_m.min,G.TD_m,G.TD_m.min,G.TD_IP_m,G.TD_IP_m.pc,G.TD_IP_m.min,G.TD_OP_m,G.TD_OP_m.pc,G.TD_OP_m.min,matchPeriods,GameYN,NDs,sleep,muscleSoreness,pExertion,wellbeing
20140630,4,,,,,,,,,,,,,,,,,,,,,,,,,,,,,,,,,,,,,,,,,,,0,0,0,5.21,8,6,8.964314925
20140701,4,64,8061,214,14,771,,,,,,,159,270,25,2.1,11,9,,,,,,,,,,,,,,,,,,,,,,,,,,0,0,1,4.82,2,9,13.91449526
20140702,4,50,4794,51,,526,,,,,,,150,121,24,2.9,18,11,,,,,,,,,,,,,,,,,,,,,,,,,,0,0,2,6.94,9,6,11.6937871
20140703,4,,,,,,,,,,,,,,,,18,11,,,,,,,,,,,,,,,,,,,,,,,,,,0,0,3,5.76,1,1,12.68570281
20140704,4,,,,,,,,,,,,,,,,18,11,100,,,,,,,,,,,,,,,,,,,,,,,,,0,0,4,6.23,1,7,11.9671955
20140705,4,,,,,,,,,,,,,,,,18,11,100,,,,,,,,,,,,,,,,,,,,,,,,,0,0,5,6.91,8,1,11.61016566
20140706,4,,,,,,,,,,,,,,,,18,11,37,,0.6,0.5,,,,,,,,,,,,,,,,,,,,,,0,0,6,5.29,1,2,12.77190651
20140707,4,66,5493,1111,732,649,3,1946,278,,,,135,230,28,2.1,26,55,30,,0.8,0.5,,,,,,,,,,,,,,,,,,,,,,0,0,7,6.09,8,8,8.940257392
20140708,4,,,,,,2,1175,167.8571429,,,,,,,,26,55,30,,0.6,0.4,,,,,,,,,,,,,,,,,,,,,,0,0,8,5.94,1,9,17.4439748
20140709,4,66,5155,989,688,668,2,1317,188.1428571,,,,145,142,29,2.2,33,94,45,,0.6,0.6,,,,,,,,,,,,,,,,,,,,,,0,0,9,6.54,7,4,6.808815853
20140710,4,94,3950,468,342,479,3,1796,256.5714286,,,,205,263,28,4.3,39,113,53,,0.8,0.7,,,,,,,,,,,,,,,,,,,,,,0,0,10,5.64,2,9,11.84689237
20140711,4,,,,,,3,1796,256.5714286,,,,,,,,39,113,53,,0.8,0.7,,,,,,,,,,,,,,,,,,,,,,0,0,11,5.98,3,3,21.28816966
20140712,4,,,,,,3,1796,256.5714286,,,,,,,,39,113,33,,0.8,0.7,,,,,,,,,,,,,,,,,,,,,,0,0,12,7.25,8,4,11.83130056
20140713,4,79,2971,274,124,345,4,2141,305.8571429,,,,101,171,27,2.9,43,123,40,0.6,1,0.9,,,,,,,,,,,,,,,,,,,,,,0,0,13,5.18,3,6,10.62473407
20140714,4,82,3718,11,,471,4,1963,280.4285714,,,,110,114,23,2.3,48,124,31,0.2,1,0.7,,,,,,,,,,,,,,,,,,,,,,0,0,14,6.41,6,9,15.10459627
20140715,4,,,,,,4,1963,280.4285714,,,,,,,,37,115,26,0.1,1,0.7,,,,,,,,,,,,,,,,,,,,,,0,0,15,6.35,1,2,15.6772888
20140716,4,,,,,,3,1295,185,,,,,,,,30,113,31,0.1,0.8,0.6,,,,,,,,,,,,,,,,,,,,,,0,0,16,7.31,1,9,13.64739996
20140717,4,90,4978,361,181,640,3,1456,208,,,,152,370,28,2.4,37,128,44,0.2,0.8,0.6,,,,,,,,,,,,,,,,,,,,,,0,0,17,5.56,2,7,13.28629061
20140718,4,49,2733,28,,328,4,1784,254.8571429,,,,74,98,23,2.3,41,129,39,0.1,1,0.6,,,,,,,,,,,,,,,,,,,,,,0,0,18,6.52,9,5,15.03723617
20140719,4,,,,,,4,1784,254.8571429,,,,,,,,41,129,27,0.1,1,0.6,,,,,,,,,,,,,,,,,,,,,,0,0,19,7.07,3,4,14.0213845
20140720,4,,,,,,3,1439,205.5714286,,,,,,,,41,129,27,0.1,0.8,0.4,,,,,,,,,,,,,,,,,,,,,,0,0,20,5.51,9,5,11.10427804
20140721,4,90,4500,250,100,650,3,1618,231.1428571,,,,140,300,28,2.2,40,95,44,0.3,0.8,0.6,,,,,,,,,,,,,,,,,,,,,,0,0,21,5.59,7,9,11.12171342
20140722,4,68,3955,25,7,590,4,2208,315.4285714,,,,,196,24,,45,96,35,0.1,1,0.6,,,,,,,,,,,,,,,,,,,,,,0,0,22,7.22,6,7,13.64539521
20140723,4,,,,,,4,2208,315.4285714,,,,,,,,38,56,32,0.2,1,0.6,,,,,,,,,,,,,,,,,,,,,,0,0,23,5.74,1,3,15.59029156
20140724,4,83,6295,995,671,672,4,2240,320,,,,83,299,28,1.2,41,77,51,0.7,1,0.5,,,,,,,,,,,,,,,,,,,,,,0,0,24,6.5,3,2,12.10040122
20140725,4,78,3799,388,245,512,4,2424,346.2857143,,,,78,175,27,1.5,47,93,56,0.7,1,0.6,,,,,,,,,,,,,,,,,,,,,,0,0,25,5.8,4,9,12.8364551
20140726,4,,,,,,4,2424,346.2857143,,,,,,,,47,93,43,0.6,1,0.6,,,,,,,,,,,,,,,,,,,,,,0,0,26,4.86,5,7,13.63841061
20140727,4,,,,,,4,2424,346.2857143,13,7301,260.75,,,,,42,82,34,0.7,1,0.6,,,,,,,,,,,,,,,,,,,,,,0,0,27,5.39,5,5,13.19374024
20140728,4,,,,,,3,1774,253.4285714,13,7301,260.75,,,,,37,81,38,0.7,0.8,0.5,,,,,,,,,,,,,,,,,,,,,,0,0,28,3.68,2,6,15.26002202
20140729,4,87,2659,150,77,312,3,1496,213.7142857,13,6842,244.3571429,88,143,26,2.8,41,87,22,0.2,0.7,0.6,,,,,,,,,,,,,,,,,,,,,,0,0,29,6.1,3,1,12.61853688
20140730,4,81,5217,568,119,591,4,2087,298.1428571,13,6907,246.6785714,82,228,26,1.4,48,110,23,0.3,1,0.8,,,,,,,,,,,,,,,,,,,,,,0,0,30,5.74,3,7,12.02095577
20140731,4,,,,,,3,1415,202.1428571,13,6907,246.6785714,,,,,41,96,27,0.3,0.8,0.7,,,,,,,,,,,,,,,,,,,,,,0,0,31,5.83,9,8,13.01884407
20140801,4,71,4102,5,,516,3,1419,202.7142857,14,7423,265.1071429,71,251,21,1.4,43,95,39,0.3,0.8,0.5,,,,,,,,,,,,,,,,,,,,,,0,0,32,5.93,6,4,12.49770608
20140802,4,,,,,,3,1419,202.7142857,14,7423,265.1071429,,,,,43,95,39,0.3,0.8,0.5,,,,,,,,,,,,,,,,,,,,,,0,0,33,7.18,9,6,7.695638706
20140803,4,,,,,,3,1419,202.7142857,14,7423,265.1071429,,,,,43,95,31,0.2,0.8,0.5,,,,,,,,,,,,,,,,,,,,,,0,0,34,5.81,8,3,13.20455067
20140804,4,59,4255,23,,512,4,1931,275.8571429,14,7286,260.2142857,60,225,23,1.2,43,86,28,,1,0.5,,,,,,,,,,,,,,,,,,,,,,0,0,35,6.95,2,6,11.42488598
20140805,4,,,,,,3,1619,231.2857143,14,7286,260.2142857,,,,,37,85,32,,0.8,0.4,,,,,,,,,,,,,,,,,,,,,,0,0,36,5.18,1,5,10.97001834
20140806,4,,,,,,2,1028,146.8571429,13,6618,236.3571429,,,,,37,85,16,,0.6,0.5,,,,,,,,,,,,,,,,,,,,,,0,0,37,5.3,1,6,13.80132684
20140807,4,,,,,,2,1028,146.8571429,12,6139,219.25,,,,,28,45,21,,0.6,0.5,,,,,,,,,,,,,,,,,,,,,,0,0,38,5.19,6,7,13.99494736
20140808,4,133,9873,21,,1089,2,1601,228.7142857,13,7228,258.1428571,,333,24,,37,30,54,0.1,0.5,0.6,,,,,,,,,,,,,,,,,,,,,,0,0,39,6.12,9,4,12.89563198
20140809,4,82,5797,630,457,681,3,2282,326,14,7909,282.4642857,148,276,28,2.2,45,56,49,0.5,0.7,0.4,,,,,,,,,,,,,,,,,,,,,,0,0,40,4.76,4,2,12.53015858
20140810,4,,,,,,3,2282,326,13,7564,270.1428571,,,,,45,56,49,0.5,0.7,0.4,,,,,,,,,,,,,,,,,,,,,,0,0,41,4.45,4,9,15.60992381
20140811,4,,,,,,2,1770,252.8571429,12,7093,253.3214286,,,,,45,56,49,0.5,0.6,0.4,,,,,,,,,,,,,,,,,,,,,,0,0,42,4.96,3,6,12.59030848
20140812,4,80,4631,48,7,525,3,2295,327.8571429,13,7618,272.0714286,81,135,25,1.5,48,51,60,0.5,0.7,0.4,,,,,,,,,,,,,,,,,,,,,,0,0,43,5.25,5,6,12.82010895
20140813,4,73,6871,189,,760,4,3055,436.4285714,14,8378,299.2142857,124,230,24,1.6,50,36,49,0.9,1,0.5,,,,,,,,,,,,,,,,,,,,,,0,0,44,6.25,6,2,12.80971696
20140814,4,,,,,,4,3055,436.4285714,13,7738,276.3571429,,,,,50,36,32,0.3,1,0.5,,,,,,,,,,,,,,,,,,,,,,0,0,45,5.88,8,6,12.64348969
20140815,4,81,5751,117,25,737,4,2703,386.1428571,13,8147,290.9642857,131,309,25,1.8,53,41,46,0.3,1,0.6,,,,,,,,,,,,,,,,,,,,,,0,0,46,5.27,2,1,14.10505489
20140816,4,,,,,,3,2022,288.8571429,13,8147,290.9642857,,,,,53,41,46,0.3,0.8,0.7,,,,,,,,,,,,,,,,,,,,,,0,0,47,5.45,4,3,10.51932693
20140817,4,,,,,,3,2022,288.8571429,13,8147,290.9642857,,,,,53,41,34,0.3,0.8,0.7,,,,,,,,,,,,,,,,,,,,,,0,1,48,6.08,1,8,14.09934329
20140818,4,50,4469,36,,504,4,2526,360.8571429,13,8001,285.75,99,287,23,2,53,41,27,0.1,1,0.8,,,,,,,,,,,,,,,,,,,,,,1,0,0,4.57,9,6,11.7743296
20140819,4,69,5413,4,,606,4,2607,372.4285714,13,8017,286.3214286,120,263,21,2,61,42,37,0.2,1,0.7,,,,,,,,,,,,,,,,,,,,,,1,0,1,8.12,1,8,14.19599011
20140820,4,,,,,,3,1847,263.8571429,13,8017,286.3214286,,,,,61,42,23,,0.8,0.5,,,,,,,,,,,,,,,,,,,,,,1,0,2,5.9,4,6,14.65509503
20140821,4,94,7087,557,283,806,4,2653,379,13,8151,291.1071429,121,409,27,1.5,71,64,34,0.4,1,0.5,,,,,,,,,,,,,,,,,,,,,,1,0,3,6.15,6,3,14.68957014
20140822,4,,,,,,3,1916,273.7142857,12,7639,272.8214286,,,,,57,63,42,0.4,0.8,0.4,,,,,,,,,,,,,,,,,,,,,,1,0,4,5.24,5,8,11.14812041
20140823,4,,,,,,3,1916,273.7142857,12,7639,272.8214286,,,,,48,38,37,0.6,0.8,0.4,,,,,,,,,,,,,,,,,,,,,,1,1,5,5.63,4,5,15.7912489
20140824,4,,,,,,3,1916,273.7142857,12,7639,272.8214286,,,,,48,38,21,0.6,0.8,0.4,,,,,,,,,,,,,,,,,,,,,,2,0,0,4.41,9,9,11.53218932
20140825,4,90,5464,22,,652,3,2064,294.8571429,13,8291,296.1071429,120,242,23,1.8,56,39,32,0.6,0.8,0.4,,,,,,,,,,,,,,,,,,,,,,2,0,1,4.34,8,5,11.78590024
20140826,4,,,,,,2,1458,208.2857143,12,7979,284.9642857,,,,,50,37,16,,0.6,0.4,,,,,,,,,,,,,,,,,,,,,,2,0,2,7.1,7,8,12.5816847
20140827,4,,,,,,2,1458,208.2857143,11,7388,263.8571429,,,,,40,29,19,,0.6,0.4,,,,,,,,,,,,,,,,,,,,,,2,0,3,6.6,6,6,15.78220761
20140828,4,73,5365,14,,628,2,1280,182.8571429,12,8016,286.2857143,155,233,22,2.5,47,30,32,,0.6,0.6,,,,,,,,,,,,,,,,,,,,,,2,0,4,5.79,2,7,14.14100931
20140829,4,87,5792,23,13,682,3,1962,280.2857143,12,8182,292.2142857,88,132,26,1.3,47,26,49,0.1,0.8,0.8,,,,,,,,,,,,,,,,,,,,,,2,0,5,7.32,5,9,12.68491003
20140830,4,,,,,,3,1962,280.2857143,12,8182,292.2142857,,,,,47,26,33,0.1,0.8,0.8,,,,,,,,,,,,,,,,,,,,,,2,1,6,5.33,9,2,12.71538657
20140831,4,,,,,,3,1962,280.2857143,12,8182,292.2142857,,,,,47,26,33,0.1,0.8,0.8,,,,,,,,,,,,,,,,,,,,,,3,0,0,5.59,5,6,14.30830389
20140901,4,,,,,,2,1310,187.1428571,11,7670,273.9285714,,,,,41,25,38,0.1,0.6,0.6,,,,,,,,,,,,,,,,,,,,,,3,0,1,6.36,6,2,13.84230276
20140902,4,92,7010,643,337,863,3,2173,310.4285714,12,8533,304.75,173,569,28,2,43,50,42,0.5,0.8,0.4,,,,,,,,,,,,,,,,,,,,,,3,0,2,4.39,3,7,13.44543638
20140903,4,60,3000,,,300,4,2473,353.2857143,13,8833,315.4642857,100,50,16,3.3,48,50,30,0.5,1,0.4,,,,,,,,,,,,,,,,,,,,,,3,0,3,5.44,8,6,14.42777847
20140904,4,80,4506,11,7,587,4,2432,347.4285714,14,9420,336.4285714,120,228,24,2,44,28,47,0.9,1,0.4,,,,,,,,,,,,,,,,,,,,,,3,0,4,6.48,6,9,13.07735511
20140905,4,,,,,,3,1750,250,13,8331,297.5357143,,,,,44,28,47,0.9,0.7,0.4,,,,,,,,,,,,,,,,,,,,,,3,0,5,6.72,7,9,10.37685557
20140906,4,,,,,,3,1750,250,12,7650,273.2142857,,,,,44,28,47,0.9,0.7,0.4,,,,,,,,,,,,,,,,,,,,,,3,0,6,5.83,8,5,11.76249522
20140907,4,,,,,,3,1750,250,12,7650,273.2142857,,,,,44,28,24,,0.7,0.4,,,,,,,,,,,,,,,,,,,,,,3,0,7,6.5,7,3,14.07475677
20140908,4,61,5882,59,12,670,4,2420,345.7142857,13,8320,297.1428571,133,296,26,2,45,30,33,0.1,1,0.4,,,,,,,,,,,,,,,,,,,,,,3,0,8,4.79,6,6,14.82751111
20140909,4,91,7502,420,302,894,4,2451,350.1428571,13,8689,310.3214286,160,326,30,1.8,55,46,34,0.4,1,0.4,,,,,,,,,,,,,,,,,,,,,,3,0,9,5.73,5,9,12.53643904
20140910,4,,,,,,3,2151,307.2857143,12,7929,283.1785714,,,,,55,46,34,0.4,0.8,0.4,,,,,,,,,,,,,,,,,,,,,,3,0,10,5.9,2,8,16.05000692
20140911,4,70,6364,82,24,806,3,2370,338.5714286,13,8735,311.9642857,175,377,27,2.2,57,49,49,0.5,0.8,0.5,,,,,,,,,,,,,,,,,,,,,,3,0,11,6.54,2,8,10.62108481
20140912,4,51,3584,11,,470,4,2840,405.7142857,13,8468,302.4285714,89,164,22,1.9,54,49,62,0.5,1,0.5,,,,,,,,,,,,,,,,,,,,,,3,0,12,6.81,3,6,12.60880368
20140913,4,,,,,,4,2840,405.7142857,13,8468,302.4285714,,,,,54,49,46,0.4,1,0.5,,,,,,,,,,,,,,,,,,,,,,3,1,13,6.12,1,5,13.18119946
20140914,4,,,,,,4,2840,405.7142857,13,8468,302.4285714,,,,,54,49,26,0.1,1,0.5,,,,,,,,,,,,,,,,,,,,,,4,0,0,5.53,6,2,14.50693387
20140915,4,53,3793,7,,543,4,2713,387.5714286,13,8507,303.8214286,108,189,22,2,59,49,33,0.1,1,0.5,,,,,,,,,,,,,,,,,,,,,,4,0,1,5.55,6,9,14.17124228
20140916,4,,,,,,3,1819,259.8571429,12,7901,282.1785714,,,,,49,23,21,,0.8,0.5,,,,,,,,,,,,,,,,,,,,,,4,0,2,6.81,2,5,18.27244562
20140917,4,,,,,,3,1819,259.8571429,12,7901,282.1785714,,,,,45,23,12,,0.8,0.5,,,,,,,,,,,,,,,,,,,,,,4,0,3,6.52,5,8,11.67004483
20140918,4,79,5832,148,44,690,3,1703,243.2857143,12,7785,278.0357143,158,316,26,2.3,47,29,29,0.2,0.8,0.4,,,,,,,,,,,,,,,,,,,,,,4,0,4,5.98,9,9,13.53396674
20140919,4,58,4080,6,,538,3,1771,253,13,8323,297.25,83,276,21,1.5,52,29,37,0.2,0.8,0.4,,,,,,,,,,,,,,,,,,,,,,4,0,5,5.36,2,9,15.10098959
20140920,4,,,,,,3,1771,253,13,8323,297.25,,,,,52,29,27,0.2,0.8,0.4,,,,,,,,,,,,,,,,,,,,,,4,1,6,5.82,2,8,16.19466989
20140921,4,,,,,,3,1771,253,13,8323,297.25,,,,,52,29,27,0.2,0.8,0.4,,,,,,,,,,,,,,,,,,,,,,5,0,0,4.31,6,6,12.64695976
20140922,4,58,5068,114,17,642,3,1870,267.1428571,13,8313,296.8928571,126,199,25,2,51,31,41,0.3,0.8,0.6,,,,,,,,,,,,,,,,,,,,,,5,0,1,5.11,8,5,14.93375935
20140923,4,67,5967,150,21,646,4,2516,359.4285714,14,8959,319.9642857,67,299,25,1,49,21,44,0.5,1,0.8,,,,,,,,,,,,,,,,,,,,,,5,0,2,7.62,4,4,16.40444551
20140924,4,,,,,,4,2516,359.4285714,14,8959,319.9642857,,,,,49,21,32,0.5,1,0.8,,,,,,,,,,,,,,,,,,,,,,5,0,3,6.14,9,2,8.84722933
20140925,4,92,7052,26,7,837,4,2663,380.4285714,14,9168,327.4285714,288,354,25,3.4,50,18,51,0.6,1,0.7,,,,,,,,,,,,,,,,,,,,,,5,0,4,9.06,4,8,15.5070337
20140926,4,,,,,,3,2125,303.5714286,13,8486,303.0714286,,,,,45,18,57,0.6,0.8,0.7,,,,,,,,,,,,,,,,,,,,,,5,0,5,6.89,4,1,11.56499605
20140927,4,101,8324,393,185,991,4,3116,445.1428571,14,9477,338.4642857,282,563,29,2.8,57,34,53,0.7,1,0.7,,,,,,,,,,,,,,,,,,,,,,5,0,6,7.8,2,8,15.78186445
20140928,4,90,7334,209,69,792,5,3908,558.2857143,15,10269,366.75,,373,28,,67,42,48,0.6,1.4,0.9,,,,,,,,,,,,,,,,,,,,,,5,0,7,5.28,2,2,15.0664119
20140929,4,,,,,,4,3266,466.5714286,15,10269,366.75,,,,,62,42,52,0.6,1.1,0.7,,,,,,,,,,,,,,,,,,,,,,5,1,8,4.44,5,1,14.61247838
20140930,4,90,8729,388,149,944,4,3564,509.1428571,15,10350,369.6428571,,357,28,,74,57,47,0.7,1.1,0.8,,,,,,,,,,,,,,,,,,,,,,6,0,0,5.41,7,8,13.64046821
20141001,4,,,,,,4,3564,509.1428571,14,10050,358.9285714,,,,,74,57,47,0.7,1.1,0.8,,,,,,,,,,,,,,,,,,,,,,6,0,1,4.63,9,5,11.29758482
20141002,4,79,7017,173,14,763,4,3490,498.5714286,14,10226,365.2142857,79,308,25,1,76,58,43,0.5,1.1,0.9,,,,,,,,,,,,,,,,,,,,,,6,0,2,4.71,1,5,16.11597019
20141003,4,54,5039,68,13,597,5,4087,583.8571429,15,10823,386.5357143,55,266,25,0.9,77,60,38,0.4,1.4,1.1,,,,,,,,,,,,,,,,,,,,,,6,0,3,7.41,5,4,13.36278591
20141004,4,,,,,,4,3096,442.2857143,15,10823,386.5357143,,,,,77,60,38,0.4,1,0.8,,,,,,,,,,,,,,,,,,,,,,6,1,4,7.09,9,9,12.99843977
20141005,4,,,,,,3,2304,329.1428571,15,10823,386.5357143,,,,,77,60,22,0.2,0.8,0.6,,,,,,,,,,,,,,,,,,,,,,7,0,0,6.37,6,5,14.3981691
20141006,4,60,3832,8,4,414,4,2718,388.2857143,15,10567,377.3928571,102,187,24,2.5,75,56,30,0.2,1,0.6,,,,,,,,,,,,,,,,,,,,,,7,0,1,6.05,7,4,13.97050585
20141007,4,75,11452,331,166,1163,4,2937,419.5714286,15,10836,387,117,454,30,1,83,63,35,0.3,0.9,0.7,,,,,,,,,,,,,,,,,,,,,,7,0,2,5.41,7,9,8.609432235
20141008,4,,,,,,4,2937,419.5714286,15,10836,387,,,,,83,63,26,0.2,0.9,0.7,,,,,,,,,,,,,,,,,,,,,,7,0,3,6.32,7,3,11.98112449
20141009,4,79,7647,198,84,828,4,3002,428.8571429,15,10858,387.7857143,131,401,28,1.6,84,70,39,0.3,0.9,0.7,,,,,,,,,,,,,,,,,,,,,,7,0,4,6.75,5,2,15.37699962
20141010,4,,,,,,3,2405,343.5714286,14,10388,371,,,,,84,70,39,0.3,0.7,0.6,,,,,,,,,,,,,,,,,,,,,,7,0,5,5.41,6,2,10.0821066
20141011,4,,,,,,3,2405,343.5714286,14,10388,371,,,,,72,55,37,0.4,0.7,0.6,,,,,,,,,,,,,,,,,,,,,,7,0,6,3.64,3,4,14.78518875
20141012,4,,,,,,3,2405,343.5714286,14,10388,371,,,,,62,46,17,0.2,0.7,0.6,,,,,,,,,,,,,,,,,,,,,,7,0,7,4.22,1,8,14.99804381
20141013,4,75,5964,42,,736,3,2727,389.5714286,14,10581,377.8928571,160,322,22,2.2,70,48,27,0.2,0.8,0.6,,,,,,,,,,,,,,,,,,,,,,7,0,8,5.31,1,8,15.7917273
20141014,4,98,6718,134,11,832,3,2396,342.2857143,15,11413,407.6071429,171,482,24,2.1,67,38,27,0.2,0.8,0.7,,,,,,,,,,,,,,,,,,,,,,7,0,9,7.87,3,9,12.79422611
20141015,4,,,,,,3,2396,342.2857143,15,11413,407.6071429,,,,,67,38,27,0.2,0.8,0.7,,,,,,,,,,,,,,,,,,,,,,7,0,10,7.7,8,8,9.941934421
20141016,4,78,6227,100,24,677,3,2245,320.7142857,15,11400,407.1428571,137,421,26,2,66,35,40,0.3,0.8,0.7,,,,,,,,,,,,,,,,,,,,,,7,0,11,6.85,4,9,16.55517251
20141017,4,58,3786,26,,435,4,2680,382.8571429,15,11297,403.4642857,77,201,23,1.8,64,33,50,0.4,1,0.8,,,,,,,,,,,,,,,,,,,,,,7,0,12,8.46,8,5,7.744104849
20141018,4,,,,,,4,2680,382.8571429,15,11297,403.4642857,,,,,64,33,37,0.3,1,0.8,,,,,,,,,,,,,,,,,,,,,,7,1,13,7.99,3,4,13.68023155
20141019,4,45,3000,,,300,5,2980,425.7142857,16,11597,414.1785714,100,150,20,3.3,69,33,27,0.2,1.3,0.8,,,,,,,,,,,,,,,,,,,,,,8,0,0,5.35,9,1,10.9024912
20141020,4,90,11584,800,345,,4,2244,320.5714286,15,10955,391.25,,,30,,80,65,44,0.6,1.1,0.5,,,,,,,,,,,,,,,,,,,,,,8,0,1,6.07,6,4,13.06474738
20141021,4,,,,,,3,1412,201.7142857,14,10309,368.1785714,,,,,64,52,41,0.6,0.8,0.4,,,,,,,,,,,,,,,,,,,,,,8,0,2,4.74,9,7,9.97515013
20141022,4,82,7128,183,30,782,4,2194,313.4285714,15,11091,396.1071429,83,266,27,1.1,74,59,42,0.7,1.1,0.5,,,,,,,,,,,,,,,,,,,,,,8,0,3,6.48,2,6,15.37956601
20141023,4,,,,,,3,1517,216.7142857,14,10254,366.2142857,,,,,63,51,49,0.8,0.8,0.5,,,,,,,,,,,,,,,,,,,,,,8,0,4,5.75,3,6,14.5570109
20141024,4,63,5755,101,,672,3,1754,250.5714286,15,10926,390.2142857,123,326,23,1.8,71,55,49,0.8,0.9,0.5,,,,,,,,,,,,,,,,,,,,,,8,0,5,6.27,8,2,13.7488806
20141025,4,50,3086,52,21,384,4,2138,305.4285714,15,10319,368.5357143,50,179,26,1.3,75,57,30,0.2,1.1,0.6,,,,,,,,,,,,,,,,,,,,,,8,0,6,6.85,2,5,15.08649269
20141026,4,,,,,,3,1838,262.5714286,14,9527,340.25,,,,,75,57,30,0.2,0.9,0.6,,,,,,,,,,,,,,,,,,,,,,8,1,7,5.74,1,7,15.3471914
20141027,4,70,4530,68,,623,4,2461,351.5714286,15,10150,362.5,70,259,23,1.1,73,58,26,0.2,1,0.8,88.1,2.6,4.6,407.6,6.2,11.3,533.9,5.3,19,100,36,132.8,1.3,11790.7,117.9,2541.7,74.8,133.8,6043.4,91.6,167.9,9,0,0,7.68,2,3,13.08714855
20141028,4,57,3794,33,,486,5,2947,421,15,9692,346.1428571,93,199,23,1.9,69,54,35,0.2,1.3,1,88.1,2.6,4.6,407.6,6.2,11.3,533.9,5.3,19,100,36,132.8,1.3,11790.7,117.9,2541.7,74.8,133.8,6043.4,91.6,167.9,9,1,1,5.25,3,6,13.83681031
20141029,4,100,11791,534,133,,4,2165,309.2857143,15,9692,346.1428571,,,31,,86,75,38,0.4,1,0.6,,,,,,,,,,,,,,,,,,,,,,10,0,0,5.52,5,5,18.07689648
20141030,4,,,,,,4,2165,309.2857143,14,8929,318.8928571,,,,,77,71,37,0.4,1,0.6,,,,,,,,,,,,,,,,,,,,,,10,0,1,5.51,1,5,20.2344247
20141031,4,68,3410,16,,397,4,1890,270,14,8729,311.75,96,152,22,2.4,76,71,44,0.4,1,0.5,,,,,,,,,,,,,,,,,,,,,,10,0,2,5.31,8,6,10.2900297
20141101,4,,,,,,3,1506,215.1428571,14,8729,311.75,,,,,76,71,35,0.3,0.8,0.5,,,,,,,,,,,,,,,,,,,,,,10,1,3,6.05,3,2,14.42438836
20141102,4,,,,,,3,1506,215.1428571,14,8729,311.75,,,,,72,71,30,0.3,0.8,0.5,21,0.5,10.5,45.1,0.8,11.3,79.9,,2,11,4,31.5,,1546.2,,358.6,8,179.3,757.2,13.8,189.3,11,0,0,5.29,2,1,15.58827279
20141103,4,,,,,,2,883,126.1428571,13,8315,296.9642857,,,,,56,39,9,,0.6,0.4,21,0.5,10.5,45.1,0.8,11.3,79.9,,2,11,4,31.5,,1546.2,,358.6,8,179.3,757.2,13.8,189.3,11,0,1,5.95,6,8,10.25249258
20141104,4,71,6318,25,,710,2,1107,158.1428571,13,7862,280.7857143,144,285,24,2,65,40,21,,0.7,0.4,21,0.5,10.5,45.1,0.8,11.3,79.9,,2,11,4,31.5,,1546.2,,358.6,8,179.3,757.2,13.8,189.3,11,0,2,4.34,3,9,13.87172714
20141105,4,87,6613,322,108,784,3,1891,270.1428571,14,8646,308.7857143,87,472,26,1.1,64,46,29,0.3,0.8,0.4,21,0.5,10.5,45.1,0.8,11.3,79.9,,2,11,4,31.5,,1546.2,,358.6,8,179.3,757.2,13.8,189.3,11,0,3,5.28,1,5,16.21823809
20141106,4,,,,,,3,1891,270.1428571,13,7818,279.2142857,,,,,64,46,29,0.3,0.8,0.4,21,0.5,10.5,45.1,0.8,11.3,79.9,,2,11,4,31.5,,1546.2,,358.6,8,179.3,757.2,13.8,189.3,11,0,4,6.16,9,3,11.26145285
20141107,4,82,5259,98,43,612,3,2106,300.8571429,14,8430,301.0714286,83,320,28,1.3,63,46,41,0.4,0.8,0.5,21,0.5,10.5,45.1,0.8,11.3,79.9,,2,11,4,31.5,,1546.2,,358.6,8,179.3,757.2,13.8,189.3,11,0,5,4.22,8,4,11.7238695
20141108,4,51,4115,49,8,471,4,2577,368.1428571,15,8901,317.8928571,73,181,25,1.6,65,45,49,0.4,1,0.6,21,0.5,10.5,45.1,0.8,11.3,79.9,,2,11,4,31.5,,1546.2,,358.6,8,179.3,757.2,13.8,189.3,11,0,6,8.66,3,8,15.64999808
20141109,4,21,3546,480,132,,4,2577,368.1428571,15,8901,317.8928571,,,28,,70,65,40,0.6,1.3,0.7,21,0.5,10.5,45.1,0.8,11.3,79.9,,2,11,4,31.5,,1546.2,,358.6,8,179.3,757.2,13.8,189.3,11,1,7,5.81,9,6,13.3771317
20141110,4,,,,,,4,2577,368.1428571,14,8165,291.6071429,,,,,63,62,29,0.4,1.3,0.7,83.1,1.5,9.2,100.3,2.2,14.3,190.9,,9,33,7,122.6,,4102.2,,1472.5,27.3,163.6,1360.9,29.6,194.4,12,0,0,7.22,2,2,16.99639473
20141111,4,90,7935,239,137,810,4,2677,382.4285714,14,8143,290.8214286,99,401,28,1.2,69,70,43,0.5,1.3,0.9,83.1,1.5,9.2,100.3,2.2,14.3,190.9,,9,33,7,122.6,,4102.2,,1472.5,27.3,163.6,1360.9,29.6,194.4,12,0,1,6.08,2,6,15.28747514
20141112,4,45,2500,,,,3,1893,270.4285714,14,8143,290.8214286,,,20,,56,49,46,0.6,1.2,0.7,83.1,1.5,9.2,100.3,2.2,14.3,190.9,,9,33,7,122.6,,4102.2,,1472.5,27.3,163.6,1360.9,29.6,194.4,12,0,2,7.17,5,4,10.61082832
20141113,4,75,8000,400,100,,3,1893,270.4285714,13,7466,266.6428571,,,30,,67,65,46,0.7,1.6,0.9,83.1,1.5,9.2,100.3,2.2,14.3,190.9,,9,33,7,122.6,,4102.2,,1472.5,27.3,163.6,1360.9,29.6,194.4,12,0,3,5.12,3,5,14.12194744
20141114,4,,,,,,2,1281,183,12,7031,251.1071429,,,,,63,64,42,0.4,1.1,0.8,83.1,1.5,9.2,100.3,2.2,14.3,190.9,,9,33,7,122.6,,4102.2,,1472.5,27.3,163.6,1360.9,29.6,194.4,12,0,4,6.6,8,7,10.71037142
20141115,4,,,,,,1,810,115.7142857,12,7031,251.1071429,,,,,63,64,42,0.4,0.9,0.8,83.1,1.5,9.2,100.3,2.2,14.3,190.9,,9,33,7,122.6,,4102.2,,1472.5,27.3,163.6,1360.9,29.6,194.4,12,0,5,5.64,2,9,16.56135569
20141116,4,,,,,,1,810,115.7142857,11,6731,240.3928571,,,,,63,64,24,0.2,0.7,0.6,83.1,1.5,9.2,100.3,2.2,14.3,190.9,,9,33,7,122.6,,4102.2,,1472.5,27.3,163.6,1360.9,29.6,194.4,12,0,6,4.92,5,3,12.94319781
20141117,4,69,5594,7,,651,2,1461,208.7142857,12,7382,263.6428571,69,298,21,1.1,71,64,27,0.3,0.9,0.6,83.1,1.5,9.2,100.3,2.2,14.3,190.9,,9,33,7,122.6,,4102.2,,1472.5,27.3,163.6,1360.9,29.6,194.4,12,0,7,4.59,8,9,11.09562404
20141118,4,69,6928,306,160,775,2,1426,203.7142857,13,8157,291.3214286,70,529,30,0.9,71,76,25,0.2,0.9,0.6,83.1,1.5,9.2,100.3,2.2,14.3,190.9,,9,33,7,122.6,,4102.2,,1472.5,27.3,163.6,1360.9,29.6,194.4,12,0,8,7.23,3,3,16.28217459
20141119,4,,,,,,2,1426,203.7142857,12,7375,263.3928571,,,,,62,63,29,0.2,0.8,0.6,83.1,1.5,9.2,100.3,2.2,14.3,190.9,,9,33,7,122.6,,4102.2,,1472.5,27.3,163.6,1360.9,29.6,194.4,12,0,9,7.32,7,2,13.23486537
20141120,4,67,5228,104,10,591,3,2017,288.1428571,13,7966,284.5,68,289,24,1.1,69,67,36,0.2,0.8,0.5,83.1,1.5,9.2,100.3,2.2,14.3,190.9,,9,33,7,122.6,,4102.2,,1472.5,27.3,163.6,1360.9,29.6,194.4,12,0,10,6.88,4,9,14.90566592
20141121,4,54,3549,33,,426,4,2443,349,13,7720,275.7142857,55,177,23,1.3,67,64,45,0.3,1,0.6,83.1,1.5,9.2,100.3,2.2,14.3,190.9,,9,33,7,122.6,,4102.2,,1472.5,27.3,163.6,1360.9,29.6,194.4,12,0,11,4.09,2,3,14.36447804
20141122,4,33,4102,191,123,,4,2443,349,12,7336,262,,,30,,67,70,42,0.4,1.3,0.8,83.1,1.5,9.2,100.3,2.2,14.3,190.9,,9,33,7,122.6,,4102.2,,1472.5,27.3,163.6,1360.9,29.6,194.4,12,1,12,5.41,9,8,11.23845891
20141123,4,,,,,,4,2443,349,12,7336,262,,,,,62,51,29,0.3,1.3,0.8,,,,,,,,,,,,,,,,,,,,,,13,0,0,5.01,6,6,12.0546717
20141124,4,,,,,,3,1792,256,11,6713,239.75,,,,,62,51,29,0.3,1,0.8,,,,,,,,,,,,,,,,,,,,,,13,0,1,6.45,1,4,16.3934393
20141125,4,,,,,,2,1017,145.2857143,10,6227,222.3928571,,,,,51,41,21,0.2,0.8,0.6,,,,,,,,,,,,,,,,,,,,,,13,0,2,5.86,4,3,15.31090668
20141126,4,,,,,,2,1017,145.2857143,10,6227,222.3928571,,,,,47,41,12,0.2,0.8,0.6,,,,,,,,,,,,,,,,,,,,,,13,0,3,7.39,3,4,15.69622313
20141127,4,,,,,,1,426,60.85714286,10,6227,222.3928571,,,,,36,25,,,0.6,0.4,,,,,,,,,,,,,,,,,,,,,,13,0,4,4.11,2,7,17.72883734
20141128,4,,,,,,0,0,,9,5830,208.2142857,,,,,36,25,,,0.4,0.4,,,,,,,,,,,,,,,,,,,,,,13,0,5,4.9,6,7,11.96985832
20141129,4,,,,,,0,0,,9,5830,208.2142857,,,,,36,25,,,,,,,,,,,,,,,,,,,,,,,,,,13,1,6,6.73,7,5,10.4271683
20141130,4,,,,,,0,0,,9,5830,208.2142857,,,,,36,25,,,,,,,,,,,,,,,,,,,,,,,,,,14,0,0,7.4,7,4,16.1879553
20141201,4,,,,,,0,0,,9,5830,208.2142857,,,,,28,25,,,,,,,,,,,,,,,,,,,,,,,,,,14,0,1,5.34,5,9,15.16178887
20141202,4,,,,,,0,0,,8,5120,182.8571429,,,,,18,13,,,,,,,,,,,,,,,,,,,,,,,,,,14,1,2,6.03,5,8,9.570649224
20141203,4,,,,,,0,0,,7,4336,154.8571429,,,,,18,13,,,,,,,,,,,,,,,,,,,,,,,,,,15,0,0,4.44,8,5,12.21618634
20141204,4,,,,,,0,0,,7,4336,154.8571429,,,,,11,9,,,,,,,,,,,,,,,,,,,,,,,,,,15,0,1,6.66,5,7,10.76462658
20141205,4,,,,,,0,0,,6,3724,133,,,,,6,8,,,,,,,,,,,,,,,,,,,,,,,,,,15,0,2,4.83,1,9,15.50034312
20141206,4,,,,,,0,0,,5,3253,116.1785714,,,,,,,,,,,,,,,,,,,,,,,,,,,,,,,,15,1,3,5.83,8,5,12.21140935
20141207,4,,,,,,0,0,,5,3253,116.1785714,,,,,,,,,,,,,,,,,,,,,,,,,,,,,,,,16,0,0,5.48,2,2,15.72795311
20141208,4,,,,,,0,0,,5,3253,116.1785714,,,,,,,,,,,,,,,,,,,,,,,,,,,,,,,,16,0,1,5.42,4,2,12.54326311
20141209,4,,,,,,0,0,,4,2443,87.25,,,,,,,,,,,,,,,,,,,,,,,,,,,,,,,,16,0,2,5.49,7,5,12.86112247
20141210,4,,,,,,0,0,,4,2443,87.25,,,,,,,,,,,,,,,,,,,,,,,,,,,,,,,,16,0,3,7.02,7,1,13.50330851
20141211,4,,,,,,0,0,,4,2443,87.25,,,,,,,,,,,,,,,,,,,,,,,,,,,,,,,,16,0,4,6.43,5,1,9.557054633
20141212,4,,,,,,0,0,,4,2443,87.25,,,,,,,,,,,,,,,,,,,,,,,,,,,,,,,,16,0,5,5.15,1,7,15.17797289
20141213,4,,,,,,0,0,,4,2443,87.25,,,,,,,,,,,,,,,,,,,,,,,,,,,,,,,,16,1,6,5.95,1,2,9.830351449
20141214,4,,,,,,0,0,,4,2443,87.25,,,,,,,,,,,,,,,,,,,,,,,,,,,,,,,,17,0,0,6.4,8,4,16.1062523
20141215,4,,,,,,0,0,,3,1792,64,,,,,,,,,,,,,,,,,,,,,,,,,,,,,,,,17,0,1,4.14,9,1,9.350591811
20141216,4,,,,,,0,0,,2,1017,36.32142857,,,,,,,,,,,,,,,,,,,,,,,,,,,,,,,,17,0,2,4.58,9,4,10.31966912
20141217,4,,,,,,0,0,,2,1017,36.32142857,,,,,,,,,,,,,,,,,,,,,,,,,,,,,,,,17,0,3,6.54,3,4,14.57288749
20141218,4,,,,,,0,0,,1,426,15.21428571,,,,,,,,,,,,,,,,,,,,,,,,,,,,,,,,17,0,4,4.03,9,3,13.587167
20141219,4,,,,,,0,0,,0,0,,,,,,,,,,,,,,,,,,,,,,,,,,,,,,,,,17,0,5,7.16,4,9,12.86687973
20141220,4,,,,,,0,0,,0,0,,,,,,,,,,,,,,,,,,,,,,,,,,,,,,,,,17,0,6,5.43,7,6,12.80122478
20141221,4,,,,,,0,0,,0,0,,,,,,,,,,,,,,,,,,,,,,,,,,,,,,,,,17,1,7,5.7,2,4,16.36203684
20141222,4,,,,,,0,0,,0,0,,,,,,,,,,,,,,,,,,,,,,,,,,,,,,,,,18,0,0,5.44,2,5,16.18060376
20141223,4,,,,,,0,0,,0,0,,,,,,,,,,,,,,,,,,,,,,,,,,,,,,,,,18,0,1,7.27,3,2,13.29024838
20141224,4,,,,,,0,0,,0,0,,,,,,,,,,,,,,,,,,,,,,,,,,,,,,,,,18,0,2,7.53,1,9,16.50863255
20141225,4,,,,,,0,0,,0,0,,,,,,,,,,,,,,,,,,,,,,,,,,,,,,,,,18,0,3,6.39,1,9,13.39842583
20141226,4,,,,,,0,0,,0,0,,,,,,,,,,,,,,,,,,,,,,,,,,,,,,,,,18,1,4,6.09,7,8,12.87841549
20141227,4,,,,,,0,0,,0,0,,,,,,,,,,,,,,,,,,,,,,,,,,,,,,,,,19,0,0,5.28,6,2,12.67954841
20141228,4,,,,,,0,0,,0,0,,,,,,,,,,,,,,,,,,,,,,,,,,,,,,,,,19,1,1,5.85,9,1,12.75852329
20141229,4,,,,,,0,0,,0,0,,,,,,,,,,,,,,,,,,,,,,,,,,,,,,,,,20,0,0,6.15,1,2,14.47561654
20141230,4,,,,,,0,0,,0,0,,,,,,,,,,,,,,,,,,,,,,,,,,,,,,,,,20,0,1,6.09,7,8,11.56684142
20141231,4,,,,,,0,0,,0,0,,,,,,,,,,,,,,,,,,,,,,,,,,,,,,,,,20,0,2,6.6,6,5,14.86502242
20150101,4,,,,,,0,0,,0,0,,,,,,,,,,,,,,,,,,,,,,,,,,,,,,,,,20,1,3,4.98,7,9,7.641408534
20150102,4,,,,,,0,0,,0,0,,,,,,,,,,,,,,,,,,,,,,,,,,,,,,,,,21,0,0,5.72,1,4,10.7297703
20150103,4,,,,,,0,0,,0,0,,,,,,,,,,,,,,,,,,,,,,,,,,,,,,,,,21,0,1,6.04,6,3,13.30835527
20150104,4,,,,,,0,0,,0,0,,,,,,,,,,,,,,,,,,,,,,,,,,,,,,,,,21,0,2,4.66,6,7,14.22569612
20150105,4,,,,,,0,0,,0,0,,,,,,,,,,,,,,,,,,,,,,,,,,,,,,,,,21,0,3,5.41,6,4,9.36132979
20150106,4,,,,,,0,0,,0,0,,,,,,,,,,,,,,,,,,,,,,,,,,,,,,,,,21,0,4,6.4,5,5,13.19608557
20150107,4,,,,,,0,0,,0,0,,,,,,,,,,,,,,,,,,,,,,,,,,,,,,,,,21,0,5,5.78,3,1,13.44189357
20150108,4,46,4383,11,,436,1,436,62.28571429,1,436,15.57142857,,190,22,,6,,100,1,0.4,0.4,,,,,,,,,,,,,,,,,,,,,,21,0,6,7.08,2,9,13.87316113
20150109,4,,,,,,1,436,62.28571429,1,436,15.57142857,,,,,6,,100,1,0.4,0.4,,,,,,,,,,,,,,,,,,,,,,21,0,7,6.4,9,4,12.43206231
20150110,4,54,5679,409,243,121,2,557,79.57142857,2,557,19.89285714,185,140,26,48.3,14,17,100,1,0.6,0.4,,,,,,,,,,,,,,,,,,,,,,21,1,8,6.06,9,4,14.42151073
20150111,4,,,,,,2,557,79.57142857,2,557,19.89285714,,,,,14,17,100,1,0.6,0.4,,,,,,,,,,,,,,,,,,,,,,22,0,0,4.28,4,6,16.82847121
20150112,4,,,,,,2,557,79.57142857,2,557,19.89285714,,,,,14,17,100,1,0.6,0.4,,,,,,,,,,,,,,,,,,,,,,22,0,1,5.31,5,7,15.80570576
20150113,4,,,,,,2,557,79.57142857,2,557,19.89285714,,,,,14,17,56,1,0.6,0.4,,,,,,,,,,,,,,,,,,,,,,22,0,2,3.77,3,5,14.72864962
20150114,4,,,,,,2,557,79.57142857,2,557,19.89285714,,,,,14,17,56,1,0.6,0.4,,,,,,,,,,,,,,,,,,,,,,22,0,3,6.39,7,7,13.13018294
20150115,4,65,5816,232,174,618,2,739,105.5714286,3,1175,41.96428571,,195,29,,22,26,37,0.4,0.6,0.6,,,,,,,,,,,,,,,,,,,,,,22,0,4,6.03,9,5,12.60770154
20150116,4,,,,,,2,739,105.5714286,3,1175,41.96428571,,,,,22,26,37,0.4,0.6,0.6,,,,,,,,,,,,,,,,,,,,,,22,0,5,5.35,7,1,13.51347708
20150117,4,,,,,,1,618,88.28571429,3,1175,41.96428571,,,,,22,26,37,0.4,0.4,0.4,,,,,,,,,,,,,,,,,,,,,,22,1,6,5.64,9,7,13.60764574
20150118,4,,,,,,1,618,88.28571429,3,1175,41.96428571,,,,,22,26,37,0.4,0.4,0.4,,,,,,,,,,,,,,,,,,,,,,23,0,0,6.58,4,3,15.25349449
20150119,4,85,4075,5,,416,2,1034,147.7142857,4,1591,56.82142857,120,122,22,2.9,28,26,50,0.4,0.6,0.4,,,,,,,,,,,,,,,,,,,,,,23,0,1,7.53,4,3,13.29990992
20150120,4,80,6200,250,150,600,3,1634,233.4285714,5,2191,78.25,150,350,28,2.5,37,36,39,0.3,0.8,0.6,,,,,,,,,,,,,,,,,,,,,,23,0,2,6.97,3,6,14.04778971
20150121,4,,,,,,3,1634,233.4285714,5,2191,78.25,,,,,37,36,39,0.3,0.8,0.6,,,,,,,,,,,,,,,,,,,,,,23,0,3,6.55,3,1,15.16449725
20150122,4,,,,,,2,1016,145.1428571,5,2191,78.25,,,,,31,36,47,0.3,0.6,0.4,,,,,,,,,,,,,,,,,,,,,,23,0,4,7.69,2,5,14.91776855
20150123,4,50,4000,50,,600,3,1616,230.8571429,6,2791,99.67857143,150,250,22,2.5,36,38,55,0.3,0.8,0.5,,,,,,,,,,,,,,,,,,,,,,23,0,5,5.37,2,9,13.68540463
20150124,4,64,4030,355,122,540,4,2156,308,7,3331,118.9642857,,205,28,,34,35,59,0.7,1,0.6,,,,,,,,,,,,,,,,,,,,,,23,0,6,3.88,3,3,15.68232337
20150125,4,,,,,,4,2156,308,7,3331,118.9642857,,,,,34,35,33,0.5,1,0.6,,,,,,,,,,,,,,,,,,,,,,23,0,7,4.96,9,6,9.026962914
20150126,4,84,6984,162,50,718,4,2458,351.1428571,8,4049,144.6071429,170,359,26,2.4,44,42,48,0.5,1,0.8,,,,,,,,,,,,,,,,,,,,,,23,0,8,7.56,3,5,11.58637372
20150127,4,81,6922,647,264,809,4,2667,381,9,4858,173.5,130,456,27,1.6,54,68,58,0.7,1,0.7,,,,,,,,,,,,,,,,,,,,,,23,0,9,6.8,6,9,14.87161031
20150128,4,,,,,,4,2667,381,9,4858,173.5,,,,,54,68,47,0.7,1,0.7,,,,,,,,,,,,,,,,,,,,,,23,0,10,4.23,4,2,12.52518889
20150129,4,66,5414,131,50,587,5,3254,464.8571429,10,5445,194.4642857,100,304,26,1.7,53,64,51,0.6,1.3,0.8,,,,,,,,,,,,,,,,,,,,,,23,0,11,4.81,6,5,11.46647727
20150130,4,49,3731,243,132,469,5,3123,446.1428571,11,5914,211.2142857,49,306,28,1,58,73,56,0.6,1.3,1,,,,,,,,,,,,,,,,,,,,,,23,0,12,6.18,4,7,13.96722191
20150131,4,,,,,,4,2583,369,11,5914,211.2142857,,,,,58,73,39,0.6,1,0.7,,,,,,,,,,,,,,,,,,,,,,23,1,13,6.58,1,9,13.64308367
20150201,4,,,,,,4,2583,369,11,5914,211.2142857,,,,,58,73,22,0.2,1,0.7,,,,,,,,,,,,,,,,,,,,,,24,0,0,5.64,9,3,10.56820159
20150202,4,,,,,,3,1865,266.4285714,11,5914,211.2142857,,,,,53,73,25,0.2,0.8,0.6,,,,,,,,,,,,,,,,,,,,,,24,0,1,6.66,3,5,13.21389943
20150203,4,58,3900,9,,474,3,1530,218.5714286,12,6388,228.1428571,59,163,21,1.2,49,63,22,0.2,0.8,0.6,,,,,,,,,,,,,,,,,,,,,,24,0,2,7.09,1,4,11.15688681
20150204,4,79,7283,328,126,882,4,2412,344.5714286,13,7270,259.6428571,79,569,27,0.9,60,76,26,0.2,1,0.7,,,,,,,,,,,,,,,,,,,,,,24,0,3,6.2,2,8,15.71954127
20150205,4,,,,,,3,1825,260.7142857,12,6834,244.0714286,,,,,60,76,26,0.2,0.7,0.6,,,,,,,,,,,,,,,,,,,,,,24,0,4,6.57,2,3,16.73394
20150206,4,84,6857,98,,726,3,2082,297.4285714,13,7560,270,75,293,24,1,64,78,40,0.2,0.8,0.5,,,,,,,,,,,,,,,,,,,,,,24,0,5,6.3,9,2,12.04691646
20150207,4,35,2674,39,,305,4,2387,341,13,7744,276.5714286,35,132,24,1.2,62,66,47,0.3,0.9,0.6,,,,,,,,,,,,,,,,,,,,,,24,0,6,7.08,1,3,11.95449498
20150208,4,,,,,,4,2387,341,13,7744,276.5714286,,,,,62,66,38,0.3,0.9,0.6,,,,,,,,,,,,,,,,,,,,,,24,1,7,5.2,5,4,10.37924956
20150209,4,62,5381,151,,696,5,3083,440.4285714,14,8440,301.4285714,154,387,23,2.2,60,65,35,0.2,1.2,0.7,,,,,,,,,,,,,,,,,,,,,,25,0,0,5.74,7,8,13.06669427
20150210,4,32,2885,21,7,314,5,2923,417.5714286,15,8754,312.6428571,53,89,24,1.7,54,41,47,0.3,1.2,0.8,,,,,,,,,,,,,,,,,,,,,,25,0,1,4.88,9,9,14.65196159
20150211,4,20,2000,700,400,,4,2041,291.5714286,15,8754,312.6428571,,,29,,57,68,32,0.5,1.1,0.6,,,,,,,,,,,,,,,,,,,,,,25,1,2,7.26,3,3,11.2625031
20150212,4,,,,,,4,2041,291.5714286,14,8136,290.5714286,,,,,49,63,30,0.5,1.1,0.6,32.4,0.7,6.5,112.8,2.1,18.8,145.3,,5,22,6,80.5,,2303.9,,890.4,18.9,178.1,895.5,16.9,149.3,26,0,0,6.64,7,4,17.77086116
20150213,4,,,,,,3,1315,187.8571429,14,8136,290.5714286,,,,,44,53,33,0.6,0.9,0.5,32.4,0.7,6.5,112.8,2.1,18.8,145.3,,5,22,6,80.5,,2303.9,,890.4,18.9,178.1,895.5,16.9,149.3,26,0,1,4.24,6,9,13.44735452
20150214,4,,,,,,2,1010,144.2857143,14,8136,290.5714286,,,,,44,53,16,0.5,0.7,0.5,32.4,0.7,6.5,112.8,2.1,18.8,145.3,,5,22,6,80.5,,2303.9,,890.4,18.9,178.1,895.5,16.9,149.3,26,0,2,6.91,8,6,12.48168082
20150215,4,,,,,,2,1010,144.2857143,14,8136,290.5714286,,,,,44,53,6,0.5,0.7,0.5,32.4,0.7,6.5,112.8,2.1,18.8,145.3,,5,22,6,80.5,,2303.9,,890.4,18.9,178.1,895.5,16.9,149.3,26,0,3,6.7,5,4,10.79146427
20150216,4,62,6196,17,,655,2,969,138.4285714,14,8375,299.1071429,62,339,22,1,53,54,17,,0.7,0.4,32.4,0.7,6.5,112.8,2.1,18.8,145.3,,5,22,6,80.5,,2303.9,,890.4,18.9,178.1,895.5,16.9,149.3,26,0,4,6.4,8,7,15.39352981
20150217,4,83,7106,464,226,779,2,1434,204.8571429,14,8554,305.5,84,493,29,1.1,57,72,33,0.3,0.7,0.6,32.4,0.7,6.5,112.8,2.1,18.8,145.3,,5,22,6,80.5,,2303.9,,890.4,18.9,178.1,895.5,16.9,149.3,26,0,5,6.46,2,2,19.33724115
20150218,4,,,,,,2,1434,204.8571429,14,8554,305.5,,,,,47,59,40,0.3,0.6,0.4,32.4,0.7,6.5,112.8,2.1,18.8,145.3,,5,22,6,80.5,,2303.9,,890.4,18.9,178.1,895.5,16.9,149.3,26,0,6,6.78,8,6,13.37115956
20150219,4,69,5760,46,12,645,3,2079,297,15,9199,328.5357143,70,287,25,1.1,55,61,49,0.3,0.8,0.4,32.4,0.7,6.5,112.8,2.1,18.8,145.3,,5,22,6,80.5,,2303.9,,890.4,18.9,178.1,895.5,16.9,149.3,26,0,7,4.2,1,5,14.86585445
20150220,4,46,3264,62,15,381,4,2460,351.4285714,15,8980,320.7142857,47,161,24,1.2,50,60,63,0.4,1,0.5,32.4,0.7,6.5,112.8,2.1,18.8,145.3,,5,22,6,80.5,,2303.9,,890.4,18.9,178.1,895.5,16.9,149.3,26,0,8,7.22,3,3,10.68680437
20150221,4,22,2304,145,81,,4,2460,351.4285714,14,8440,301.4285714,,,28,,49,64,53,0.4,1.2,0.6,32.4,0.7,6.5,112.8,2.1,18.8,145.3,,5,22,6,80.5,,2303.9,,890.4,18.9,178.1,895.5,16.9,149.3,26,1,9,5.22,3,6,15.48496715
20150222,4,,,,,,4,2460,351.4285714,14,8440,301.4285714,,,,,49,64,32,0.2,1.2,0.6,40,0.8,5,154.8,3.2,19.4,197.3,,8,35,8,77.6,,3618.1,,998.2,19.2,124.8,1417.9,29.5,177.2,27,0,0,6.01,1,9,11.82771074
20150223,4,57,4464,13,,526,4,2331,333,14,8248,294.5714286,58,269,22,1.1,48,58,46,0.2,1.2,0.6,40,0.8,5,154.8,3.2,19.4,197.3,,8,35,8,77.6,,3618.1,,998.2,19.2,124.8,1417.9,29.5,177.2,27,0,1,5.2,8,1,11.77484412
20150224,4,88,7001,168,22,780,4,2332,333.1428571,14,8219,293.5357143,89,387,25,1.1,54,64,45,0.2,1.2,0.9,40,0.8,5,154.8,3.2,19.4,197.3,,8,35,8,77.6,,3618.1,,998.2,19.2,124.8,1417.9,29.5,177.2,27,0,2,6.75,1,6,17.94246816
20150225,4,,,,,,4,2332,333.1428571,14,8219,293.5357143,,,,,51,36,38,0.4,1.2,0.9,40,0.8,5,154.8,3.2,19.4,197.3,,8,35,8,77.6,,3618.1,,998.2,19.2,124.8,1417.9,29.5,177.2,27,0,3,6.68,2,5,15.15341993
20150226,4,76,6542,202,56,679,4,2366,338,14,8311,296.8214286,76,362,27,1.1,60,44,42,0.3,1.2,1,40,0.8,5,154.8,3.2,19.4,197.3,,8,35,8,77.6,,3618.1,,998.2,19.2,124.8,1417.9,29.5,177.2,27,0,4,6.17,9,6,10.78288843
20150227,4,49,3431,62,8,391,4,2376,339.4285714,14,8233,294.0357143,49,155,24,1.3,65,47,47,0.4,1.2,1,40,0.8,5,154.8,3.2,19.4,197.3,,8,35,8,77.6,,3618.1,,998.2,19.2,124.8,1417.9,29.5,177.2,27,0,5,7.7,9,8,14.10353459
20150228,4,35,3618,197,78,,4,2376,339.4285714,14,8233,294.0357143,,,29,,70,55,41,0.5,1.3,1,40,0.8,5,154.8,3.2,19.4,197.3,,8,35,8,77.6,,3618.1,,998.2,19.2,124.8,1417.9,29.5,177.2,27,1,6,6.23,7,4,10.90024073
20150301,4,,,,,,4,2376,339.4285714,14,8233,294.0357143,,,,,70,55,27,0.3,1.3,1,82,2.3,6.3,438.9,6.8,16.3,524.4,,13,65,27,287.4,,7407.9,,1685.5,48.2,129.7,3966.5,61,146.9,28,0,0,6.55,2,7,12.5990777
20150302,4,74,5589,12,,647,4,2497,356.7142857,15,8880,317.1428571,74,286,22,1.1,69,54,39,0.3,1.3,1,82,2.3,6.3,438.9,6.8,16.3,524.4,,13,65,27,287.4,,7407.9,,1685.5,48.2,129.7,3966.5,61,146.9,28,0,1,4.89,5,3,14.61317063
20150303,4,42,3140,67,10,383,4,2100,300,15,8789,313.8928571,43,132,25,1.1,64,39,35,0.3,1.3,0.9,82,2.3,6.3,438.9,6.8,16.3,524.4,,13,65,27,287.4,,7407.9,,1685.5,48.2,129.7,3966.5,61,146.9,28,0,2,5.66,2,8,13.21052285
20150304,4,65,7408,524,287,,4,2100,300,14,7907,282.3928571,,,31,,74,60,38,0.5,1.7,0.8,82,2.3,6.3,438.9,6.8,16.3,524.4,,13,65,27,287.4,,7407.9,,1685.5,48.2,129.7,3966.5,61,146.9,28,1,3,5.48,5,9,15.78992834
20150305,4,,,,,,3,1421,203,14,7907,282.3928571,,,,,66,58,35,0.4,1.2,0.6,223.6,4.6,7.7,482.3,9.5,16.1,718.5,7.6,29,94,30,415.7,4.4,10549.7,112.2,3940.3,80.4,135.9,4442.5,87.1,148.1,29,0,0,4.44,5,5,11.15773947
20150306,4,,,,,,2,1030,147.1428571,13,7181,256.4642857,,,,,61,55,37,0.4,0.9,0.6,223.6,4.6,7.7,482.3,9.5,16.1,718.5,7.6,29,94,30,415.7,4.4,10549.7,112.2,3940.3,80.4,135.9,4442.5,87.1,148.1,29,0,1,7.72,3,9,11.19618683
20150307,4,,,,,,2,1030,147.1428571,12,6876,245.5714286,,,,,58,49,26,0.5,0.7,0.4,223.6,4.6,7.7,482.3,9.5,16.1,718.5,7.6,29,94,30,415.7,4.4,10549.7,112.2,3940.3,80.4,135.9,4442.5,87.1,148.1,29,0,2,4.98,2,6,14.43156058
20150308,4,,,,,,2,1030,147.1428571,12,6876,245.5714286,,,,,58,49,18,0.4,0.7,0.4,223.6,4.6,7.7,482.3,9.5,16.1,718.5,7.6,29,94,30,415.7,4.4,10549.7,112.2,3940.3,80.4,135.9,4442.5,87.1,148.1,29,0,3,4.57,4,4,14.88025944
20150309,4,48,4174,41,,486,2,869,124.1428571,12,6666,238.0714286,49,200,23,1,58,51,10,,0.7,0.5,223.6,4.6,7.7,482.3,9.5,16.1,718.5,7.6,29,94,30,415.7,4.4,10549.7,112.2,3940.3,80.4,135.9,4442.5,87.1,148.1,29,0,4,5.61,3,7,13.08273585
20150310,4,77,6489,92,,795,2,1281,183,12,7147,255.25,78,442,23,1,57,48,26,0.1,0.8,0.5,223.6,4.6,7.7,482.3,9.5,16.1,718.5,7.6,29,94,30,415.7,4.4,10549.7,112.2,3940.3,80.4,135.9,4442.5,87.1,148.1,29,0,5,6.22,6,3,14.57854553
20150311,4,60,2000,,,20,3,1301,185.8571429,13,7167,255.9642857,,100,18,,60,48,30,0.1,0.7,0.5,223.6,4.6,7.7,482.3,9.5,16.1,718.5,7.6,29,94,30,415.7,4.4,10549.7,112.2,3940.3,80.4,135.9,4442.5,87.1,148.1,29,0,6,6.37,2,1,14.44989373
20150312,4,,,,,,3,1301,185.8571429,13,7167,255.9642857,,,,,51,40,35,0.1,0.7,0.5,223.6,4.6,7.7,482.3,9.5,16.1,718.5,7.6,29,94,30,415.7,4.4,10549.7,112.2,3940.3,80.4,135.9,4442.5,87.1,148.1,29,0,7,6.69,7,5,12.64254684
20150313,4,79,6853,149,67,707,4,2008,286.8571429,14,7874,281.2142857,79,359,28,1.1,56,43,50,0.3,0.9,0.7,223.6,4.6,7.7,482.3,9.5,16.1,718.5,7.6,29,94,30,415.7,4.4,10549.7,112.2,3940.3,80.4,135.9,4442.5,87.1,148.1,29,0,8,5.7,7,3,9.626534026
20150314,4,39,3293,80,45,324,5,2332,333.1428571,15,8198,292.7857143,58,165,27,1.8,55,38,48,0.3,1.2,0.9,223.6,4.6,7.7,482.3,9.5,16.1,718.5,7.6,29,94,30,415.7,4.4,10549.7,112.2,3940.3,80.4,135.9,4442.5,87.1,148.1,29,0,9,5.75,8,8,13.94158985
20150315,4,94,10550,719,416,,5,2332,333.1428571,15,8198,292.7857143,,,32,,70,67,46,0.6,1.4,0.6,223.6,4.6,7.7,482.3,9.5,16.1,718.5,7.6,29,94,30,415.7,4.4,10549.7,112.2,3940.3,80.4,135.9,4442.5,87.1,148.1,29,1,10,6.66,8,6,10.43865491
20150316,4,,,,,,4,1846,263.7142857,14,7543,269.3928571,,,,,62,66,47,0.6,1.1,0.6,287.7,5.5,10.3,324.2,6.8,12.5,638.2,6.6,28,96,26,227.1,2.4,11493,119.7,4297,82.6,153.5,4172,86.9,160.5,30,0,0,6.74,7,5,12.91559086
20150317,4,,,,,,3,1051,150.1428571,13,6764,241.5714286,,,,,58,64,51,0.6,0.8,0.5,287.7,5.5,10.3,324.2,6.8,12.5,638.2,6.6,28,96,26,227.1,2.4,11493,119.7,4297,82.6,153.5,4172,86.9,160.5,30,0,1,6.22,2,8,16.23598803
20150318,4,,,,,,2,1031,147.2857143,13,6764,241.5714286,,,,,47,43,41,0.7,0.7,0.5,287.7,5.5,10.3,324.2,6.8,12.5,638.2,6.6,28,96,26,227.1,2.4,11493,119.7,4297,82.6,153.5,4172,86.9,160.5,30,0,2,5.65,5,4,11.88273358
20150319,4,80,5764,85,14,654,3,1685,240.7142857,13,6773,241.8928571,81,278,26,1.2,55,46,42,0.7,0.9,0.6,287.7,5.5,10.3,324.2,6.8,12.5,638.2,6.6,28,96,26,227.1,2.4,11493,119.7,4297,82.6,153.5,4172,86.9,160.5,30,0,3,6.51,9,9,13.18495373
20150320,4,51,3232,50,10,266,3,1244,177.7142857,13,6658,237.7857143,52,150,24,1.9,60,48,21,0.1,0.8,0.5,287.7,5.5,10.3,324.2,6.8,12.5,638.2,6.6,28,96,26,227.1,2.4,11493,119.7,4297,82.6,153.5,4172,86.9,160.5,30,0,4,6.15,8,4,9.925395731
20150321,4,96,11493,638,227,,2,920,131.4285714,13,6658,237.7857143,,,31,,76,74,38,0.4,0.9,0.7,287.7,5.5,10.3,324.2,6.8,12.5,638.2,6.6,28,96,26,227.1,2.4,11493,119.7,4297,82.6,153.5,4172,86.9,160.5,30,1,5,5.46,8,4,11.93533808
20150322,4,,,,,,2,920,131.4285714,13,6658,237.7857143,,,,,76,74,38,0.4,0.7,0.5,263.5,5.2,12,390,8,17,664.5,6.9,22,96,23,286.7,3,10260.7,106.9,3201.2,62.8,145.5,3615.1,73.8,157.2,31,0,0,8.01,5,3,14.84349834
20150323,4,,,,,,2,920,131.4285714,12,6132,219,,,,,70,72,41,0.4,0.7,0.5,263.5,5.2,12,390,8,17,664.5,6.9,22,96,23,286.7,3,10260.7,106.9,3201.2,62.8,145.5,3615.1,73.8,157.2,31,0,1,4.41,8,4,13.49664148
20150324,4,63,5588,60,,613,3,1533,219,12,5965,213.0357143,64,321,23,1,69,71,42,0.4,0.9,0.5,263.5,5.2,12,390,8,17,664.5,6.9,22,96,23,286.7,3,10260.7,106.9,3201.2,62.8,145.5,3615.1,73.8,157.2,31,0,2,6,3,4,11.65879576
20150325,4,,,,,,3,1533,219,12,5965,213.0357143,,,,,66,71,37,0.4,0.9,0.5,263.5,5.2,12,390,8,17,664.5,6.9,22,96,23,286.7,3,10260.7,106.9,3201.2,62.8,145.5,3615.1,73.8,157.2,31,0,3,5.26,3,4,15.59752365
20150326,4,69,5354,34,10,624,3,1503,214.7142857,12,5910,211.0714286,70,297,25,1.1,74,72,21,0.1,0.9,0.5,263.5,5.2,12,390,8,17,664.5,6.9,22,96,23,286.7,3,10260.7,106.9,3201.2,62.8,145.5,3615.1,73.8,157.2,31,0,4,5.18,5,7,13.67121489
20150327,4,72,7681,372,213,771,3,2008,286.8571429,12,6290,224.6428571,72,373,29,0.9,75,81,35,0.2,1,0.6,263.5,5.2,12,390,8,17,664.5,6.9,22,96,23,286.7,3,10260.7,106.9,3201.2,62.8,145.5,3615.1,73.8,157.2,31,0,5,4.48,7,5,12.261127
20150328,4,,,,,,3,2008,286.8571429,12,6290,224.6428571,,,,,70,78,37,0.2,0.8,0.5,263.5,5.2,12,390,8,17,664.5,6.9,22,96,23,286.7,3,10260.7,106.9,3201.2,62.8,145.5,3615.1,73.8,157.2,31,0,6,5.98,2,4,11.92753879
20150329,4,,,,,,3,2008,286.8571429,12,6290,224.6428571,,,,,55,49,33,0.3,0.8,0.5,263.5,5.2,12,390,8,17,664.5,6.9,22,96,23,286.7,3,10260.7,106.9,3201.2,62.8,145.5,3615.1,73.8,157.2,31,0,7,5.72,8,7,15.19134185
20150330,4,56,5166,61,8,538,4,2546,363.7142857,12,6181,220.75,57,284,25,1.1,63,52,41,0.4,1,0.6,263.5,5.2,12,390,8,17,664.5,6.9,22,96,23,286.7,3,10260.7,106.9,3201.2,62.8,145.5,3615.1,73.8,157.2,31,0,8,7.08,3,9,16.49035782
20150331,4,70,5962,67,9,667,4,2600,371.4285714,12,6465,230.8928571,70,340,25,1.1,71,54,37,0.4,1,0.6,263.5,5.2,12,390,8,17,664.5,6.9,22,96,23,286.7,3,10260.7,106.9,3201.2,62.8,145.5,3615.1,73.8,157.2,31,0,9,4.27,6,5,9.705074389
20150401,4,77,6660,249,66,725,5,3325,475,13,7190,256.7857143,77,387,26,1.1,80,64,31,0.2,1.4,0.8,263.5,5.2,12,390,8,17,664.5,6.9,22,96,23,286.7,3,10260.7,106.9,3201.2,62.8,145.5,3615.1,73.8,157.2,31,0,10,7.39,2,7,12.32272581
20150402,4,,,,,,4,2701,385.8571429,13,7190,256.7857143,,,,,72,61,35,0.2,1,0.7,263.5,5.2,12,390,8,17,664.5,6.9,22,96,23,286.7,3,10260.7,106.9,3201.2,62.8,145.5,3615.1,73.8,157.2,31,0,11,8.92,7,3,11.24541344
20150403,4,72,4668,115,69,627,4,2557,365.2857143,14,7817,279.1785714,73,197,29,1.2,74,63,43,0.3,1,0.8,263.5,5.2,12,390,8,17,664.5,6.9,22,96,23,286.7,3,10260.7,106.9,3201.2,62.8,145.5,3615.1,73.8,157.2,31,0,12,6.59,3,1,18.14644663
20150404,4,58,3638,43,,424,5,2981,425.8571429,15,8241,294.3214286,58,173,24,1.4,63,40,47,0.5,1.4,0.9,263.5,5.2,12,390,8,17,664.5,6.9,22,96,23,286.7,3,10260.7,106.9,3201.2,62.8,145.5,3615.1,73.8,157.2,31,0,13,7.65,7,1,10.83823165
20150405,4,96,10261,665,287,,5,2981,425.8571429,15,8241,294.3214286,,,31,,78,66,46,0.6,1.7,0.7,263.5,5.2,12,390,8,17,664.5,6.9,22,96,23,286.7,3,10260.7,106.9,3201.2,62.8,145.5,3615.1,73.8,157.2,31,1,14,5.75,1,4,11.43882328
20150406,4,,,,,,4,2443,349,14,7755,276.9642857,,,,,78,66,34,0.5,1.2,0.7,156.2,3.8,7.1,422.8,7.2,13.6,597.1,6.4,22,94,31,286.2,3,10846.3,115.4,3193.2,77.9,145.1,4727.6,80.1,152.5,32,0,0,5.57,2,1,14.23959651
20150407,4,,,,,,3,1776,253.7142857,13,6960,248.5714286,,,,,70,64,38,0.5,0.9,0.6,156.2,3.8,7.1,422.8,7.2,13.6,597.1,6.4,22,94,31,286.2,3,10846.3,115.4,3193.2,77.9,145.1,4727.6,80.1,152.5,32,0,1,4.2,7,7,11.8438124
20150408,4,80,6876,46,,735,3,1786,255.1428571,13,7675,274.1071429,81,283,23,1.1,80,66,37,0.5,0.9,0.5,156.2,3.8,7.1,422.8,7.2,13.6,597.1,6.4,22,94,31,286.2,3,10846.3,115.4,3193.2,77.9,145.1,4727.6,80.1,152.5,32,0,2,4.33,3,1,11.01666274
20150409,4,94,8293,209,60,906,4,2692,384.5714286,14,8581,306.4642857,,366,27,,84,73,43,0.5,1.2,0.6,156.2,3.8,7.1,422.8,7.2,13.6,597.1,6.4,22,94,31,286.2,3,10846.3,115.4,3193.2,77.9,145.1,4727.6,80.1,152.5,32,0,3,6.08,9,8,10.23373213
20150410,4,,,,,,3,2065,295,13,7874,281.2142857,,,,,73,58,29,0.2,1,0.6,156.2,3.8,7.1,422.8,7.2,13.6,597.1,6.4,22,94,31,286.2,3,10846.3,115.4,3193.2,77.9,145.1,4727.6,80.1,152.5,32,0,4,7.5,1,8,11.284664
20150411,4,80,6454,54,11,713,3,2354,336.2857143,13,8263,295.1071429,81,319,25,1.1,82,60,37,0.2,1,0.6,156.2,3.8,7.1,422.8,7.2,13.6,597.1,6.4,22,94,31,286.2,3,10846.3,115.4,3193.2,77.9,145.1,4727.6,80.1,152.5,32,0,5,4.8,1,8,19.43337911
20150412,4,49,4027,51,14,442,4,2796,399.4285714,14,8705,310.8928571,50,172,26,1.1,88,62,41,0.2,1,0.7,156.2,3.8,7.1,422.8,7.2,13.6,597.1,6.4,22,94,31,286.2,3,10846.3,115.4,3193.2,77.9,145.1,4727.6,80.1,152.5,32,0,6,4.81,7,5,16.9147714
20150413,4,94,10846,597,286,,4,2796,399.4285714,14,8705,310.8928571,,,30,,96,83,44,0.4,1.3,0.6,156.2,3.8,7.1,422.8,7.2,13.6,597.1,6.4,22,94,31,286.2,3,10846.3,115.4,3193.2,77.9,145.1,4727.6,80.1,152.5,32,1,7,6.76,8,7,13.64543177
20150414,4,,,,,,4,2796,399.4285714,14,8705,310.8928571,,,,,87,81,35,0.3,1.3,0.6,15.4,0.4,0.7,575.8,9.6,18,631.9,6.8,22,93,32,257.4,2.8,12087.5,130,3270.2,81.8,148.6,5707.8,95.1,178.4,33,0,0,7.03,8,8,12.38462368
20150415,4,61,4780,35,,529,4,2590,370,15,9234,329.7857143,62,240,23,1.2,85,72,44,0.4,1.2,0.6,15.4,0.4,0.7,575.8,9.6,18,631.9,6.8,22,93,32,257.4,2.8,12087.5,130,3270.2,81.8,148.6,5707.8,95.1,178.4,33,0,1,4.57,8,3,12.4328327
20150416,4,,,,,,3,1684,240.5714286,14,8580,306.4285714,,,,,85,72,33,0.4,0.9,0.5,15.4,0.4,0.7,575.8,9.6,18,631.9,6.8,22,93,32,257.4,2.8,12087.5,130,3270.2,81.8,148.6,5707.8,95.1,178.4,33,0,2,7.53,1,1,19.9248987
20150417,4,86,7146,,,782,4,2466,352.2857143,14,9096,324.8571429,87,290,21,1.1,88,68,37,0.4,1.2,0.5,15.4,0.4,0.7,575.8,9.6,18,631.9,6.8,22,93,32,257.4,2.8,12087.5,130,3270.2,81.8,148.6,5707.8,95.1,178.4,33,0,3,6.76,3,4,19.55024737
20150418,4,,,,,,3,1753,250.4285714,14,9096,324.8571429,,,,,83,66,20,,0.9,0.4,15.4,0.4,0.7,575.8,9.6,18,631.9,6.8,22,93,32,257.4,2.8,12087.5,130,3270.2,81.8,148.6,5707.8,95.1,178.4,33,0,4,5.9,1,9,13.66965951
20150419,4,,,,,,2,1311,187.2857143,14,9096,324.8571429,,,,,68,39,25,,0.7,0.4,15.4,0.4,0.7,575.8,9.6,18,631.9,6.8,22,93,32,257.4,2.8,12087.5,130,3270.2,81.8,148.6,5707.8,95.1,178.4,33,1,5,5.02,7,7,12.20558465
20150420,4,,,,,,2,1311,187.2857143,14,9096,324.8571429,,,,,68,39,15,,0.6,0.4,,,,,,,,,,,,,,,,,,,,,,34,0,0,4.5,6,7,10.87085797
20150421,4,,,,,,2,1311,187.2857143,13,8483,302.9642857,,,,,68,39,15,,0.6,0.4,,,,,,,,,,,,,,,,,,,,,,34,0,1,6.69,2,1,13.66969839
20150422,4,,,,,,1,782,111.7142857,13,8483,302.9642857,,,,,59,38,,,0.4,,,,,,,,,,,,,,,,,,,,,,,34,0,2,4.79,4,7,10.98018435
20150423,4,,,,,,1,782,111.7142857,12,7859,280.6785714,,,,,47,29,,,0.4,,,,,,,,,,,,,,,,,,,,,,,34,0,3,6.21,6,6,14.98908474
20150424,4,,,,,,0,0,,11,7088,253.1428571,,,,,47,29,,,,,,,,,,,,,,,,,,,,,,,,,,34,0,4,5.91,1,2,15.38611698
20150425,4,,,,,,0,0,,11,7088,253.1428571,,,,,38,27,,,,,,,,,,,,,,,,,,,,,,,,,,34,0,5,6.16,1,7,13.98060792
20150426,4,,,,,,0,0,,11,7088,253.1428571,,,,,32,25,,,,,,,,,,,,,,,,,,,,,,,,,,34,0,6,5.55,4,2,9.465758222
20150427,4,,,,,,0,0,,10,6550,233.9285714,,,,,17,1,,,,,,,,,,,,,,,,,,,,,,,,,,34,0,7,4.38,5,7,11.3494374
20150428,4,81,6587,40,4,672,1,672,96,10,6555,234.1071429,81,367,24,1.2,26,3,36,0.5,0.4,0.4,,,,,,,,,,,,,,,,,,,,,,34,0,8,6.01,3,7,14.71426008
20150429,4,,,,,,1,672,96,9,5830,208.2142857,,,,,19,2,48,1,0.4,0.4,,,,,,,,,,,,,,,,,,,,,,34,0,9,4.9,1,5,13.56990999
20150430,4,77,6261,41,,682,2,1354,193.4285714,10,6512,232.5714286,78,302,24,1.1,28,3,64,1,0.6,0.6,,,,,,,,,,,,,,,,,,,,,,34,0,10,5.49,8,4,11.35877916
20150501,4,,,,,,2,1354,193.4285714,9,5885,210.1785714,,,,,18,3,100,1,0.6,0.6,,,,,,,,,,,,,,,,,,,,,,34,0,11,6.29,1,3,18.86571401
20150502,4,,,,,,2,1354,193.4285714,8,5461,195.0357143,,,,,18,3,100,1,0.6,0.6,,,,,,,,,,,,,,,,,,,,,,34,0,12,5.71,7,7,11.07954377
20150503,4,,,,,,2,1354,193.4285714,8,5461,195.0357143,,,,,18,3,49,0.5,0.6,0.6,,,,,,,,,,,,,,,,,,,,,,34,0,13,8.3,7,3,9.724790363
20150504,4,,,,,,2,1354,193.4285714,8,5461,195.0357143,,,,,18,3,49,0.5,0.6,0.6,,,,,,,,,,,,,,,,,,,,,,34,0,14,6.7,9,3,8.660424999
20150505,4,105,7022,135,39,752,2,1434,204.8571429,9,6213,221.8928571,105,338,27,1.4,28,9,35,0.6,0.6,0.5,,,,,,,,,,,,,,,,,,,,,,34,0,15,7.1,7,7,15.68366308
20150506,4,,,,,,2,1434,204.8571429,8,5478,195.6428571,,,,,28,9,35,0.6,0.6,0.5,,,,,,,,,,,,,,,,,,,,,,34,0,16,6.56,9,2,9.373103056
20150507,4,87,5037,64,33,558,2,1310,187.1428571,8,5130,183.2142857,88,237,26,1.6,35,11,48,0.7,0.6,0.5,,,,,,,,,,,,,,,,,,,,,,34,0,17,4.68,2,8,17.93795347
20150508,4,,,,,,2,1310,187.1428571,8,5130,183.2142857,,,,,35,11,48,0.7,0.6,0.5,,,,,,,,,,,,,,,,,,,,,,34,0,18,5.87,6,5,7.307007859